url,title,author,publisher,isbn,page,country,language,category,rating,numberOfRating,numberOfReview,orginalPrice,sellPrice,summery,imageUrl
https://www.rokomari.com//book/217729/our-knowledge-of-the-past,Our Knowledge of the Past, Aviezer Tucker , Cambridge University Press ,9780521120777,"Reissue edition, 2009",304,India, Philosophy Related Books ,3.5,2,,0,0,,
https://www.rokomari.com//book/192050/ful-pakhider-bonvojon,ফুল পাখীদের বনভোজন, আবদুল্লাহ্ আল মামুন (জগন্নাথ ইউনিভার্সিটি) , দোয়েল ,9789849,"1st Published, 2015",48,বাংলাদেশ, বয়স যখন ৮-১২: গল্প ,5.0,1,,100,86,,https://ds.rokomari.store/rokomari110/ProductNew20190903/260X372/917a2a048_192050.jpg
https://www.rokomari.com//book/111787/jorapatar-golpo,ঝরাপাতার গল্প, আতাউর রহমান মজুমদার , ইত্যাদি গ্রন্থ প্রকাশ ,9789849045045,"1st Published, 2016",124,বাংলাদেশ, সমকালীন গল্প ,5.0,1,,200,172,,https://ds.rokomari.store/rokomari110/ProductNew20190903/260X372/be710b406964_111787.gif
https://www.rokomari.com//book/96780/onno-ek-nurjahan,অন্য এক নূরজাহান, আতাউর রহমান মজুমদার , ইত্যাদি গ্রন্থ প্রকাশ ,9789849044826,"1st, 2015",111,বাংলাদেশ, সমকালীন উপন্যাস ,5.0,1,,200,172, ,https://ds.rokomari.store/rokomari110/ProductNew20190903/260X372/rokimg_20150322_96780.gif
https://www.rokomari.com//book/104615/the-pragmatic-programmer-from-journeyman-to-master,The Pragmatic Programmer : From Journeyman to Master, David Thomas , Pearson (India) ,9788131722428,"1st Edition, 2008",352,India, Computer Science & Engineering ,5.0,1,1,0,0,"Written as a series of self contained sections and filled with entertaining anecdotes, thoughtful examples, and interesting analogies, The Pragmatic Programmer illustrates the best practices and major pitfalls of many different aspects of software development. Whether you’re a new coder, an experienced programmer, or a manager responsible for software projects, use these lessons daily, and you’ll quickly see improvements in personal productivity, accuracy, and job satisfaction. You’ll learn skills and develop habits and attitudes that form the foundation for long term success in your career. You’ll become a pragmatic programmer. ",
https://www.rokomari.com//book/150412/brain-rules-updated-and-expanded-12-principles-for-surviving-and-thriving-at-work-home-and-school,"Brain Rules (Updated and Expanded): 12 Principles for Surviving and Thriving at Work, Home, and School ", John Medina , Pear Press (India) ,9780983263371,"1st Edition, 2014",306,India, Foreign Language Books: Self-help and meditation ,5.0,1,1,0,0,,
https://www.rokomari.com//book/272546/brain-rules,ব্রেইন রুলস, জন মেদিনা , একুশ ,"1st Edition, 2022",208,বাংলাদেশ,বাংলা, অনুবাদ: আত্ম-উন্নয়ন ও মেডিটেশন ,4.0,2,,350,263,"আপনার মস্তিষ্কে ৮,৩৮৮,৬২৮x২ সংখ্যাটি গুণ করুন। আপনি কয়েক সেকেন্ডের মধ্যে এটা করতে পারবেন? একজন যুবক আছেন যে কয়েক সেকেন্ডের ব্যবধানে এই সংখ্যাটি 24 গুণ দ্বিগুণ করতে পারবে। এমন একটি ছেলে আছে যে আপনাকে যে কোনো মুহূর্তে দিনের সঠিক সময় বলতে পারবে, এমনকি তার ঘুমের মধ্যেও। একটি মেয়ে আছে যে 20 ফুট দূরে একটি বস্তুর সঠিক মাত্রা নির্ধারণ করতে পারে। একটি শিশু আছে যে 6 বছর বয়সে এমন প্রাণবন্ত ছবি আঁকে, সে ম্যাডিসন অ্যাভিনিউয়ের একটি গ্যালারিতে নিজের শো পেয়েছে। তবুও এই শিশুদের কাউকে জুতা বাঁধতে শেখানো হয়নি। প্রকৃতপক্ষে, তাদের কারও আইকিউ 50-এর বেশি নেই।",
https://www.rokomari.com//book/118450/harry-potter-and-the-cursed-child-parts-one-and-two-2016-series-8-special-rehearsal-edition-script,Harry Potter and the Cursed Child - Parts One and Two (2016) (Series-8)(Special Rehearsal Edition Script), J. K. Rowling , Arthur A. Levine Books ,9781338099133,"1st Published, 2016",320,India," When 12-17: Mystery, Detective, Thriller and Adventure ",4.86,14,3,0,0,The Eighth Story. Nineteen Years Later.,https://ds.rokomari.store/rokomari110/ProductNew20190903/260X372/83822cd832e4_118450.gif
https://www.rokomari.com//book/182450/harry-potter-and-the-cursed-child,হ্যারি পটার অ্যান্ড দ্য কার্সড চাইল্ড, জ্যাক থর্নে , সালেহ আহমেদ মুবিন , ,9789849145967,"1st Published, 2019",302," বয়স যখন ১২-১৭: রহস্য, গোয়েন্দা, থ্রিলার ও অ্যাডভেঞ্চার ",3.97,35,16,550,413,”হ্যারি পটার অ্যান্ড দ্য কার্সড চাইল্ড” বইটির সম্পর্কে কিছু কথাঃ,https://ds.rokomari.store/rokomari110/ProductNew20190903/260X372/47b14a459_182450.jpg
https://www.rokomari.com//book/142800/introducing-sociology-honors-2nd-year-text-book-department-of-social-work,সমাজবিজ্ঞান পরিচিতি (অনার্স ২য় বর্ষ টেক্সট বই) (সমাজকর্ম বিভাগ), খান , গ্রন্থ কুটির ,"New Edition, 2023",632,বাংলাদেশ,বাংলা, সমাজকর্ম বিভাগ: অনার্স ২য় বর্ষ ,5.0,1,,430,400,,https://ds.rokomari.store/rokomari110/ProductNew20190903/260X372/Introducing_Sociology_Honors_2nd_Year_Te-Khan_-73e6f-142800.jpg
https://www.rokomari.com//book/144525/social-history-and-anthropology-2nd-paper-degree-1st-year-text-book-department-of-sociology,সামাজিক ইতিহাস ও নৃবিজ্ঞান - ২য় পত্র (ডিগ্রি ১ম বর্ষ টেক্সট বই) (সমাজবিজ্ঞান বিভাগ), খান , গ্রন্থ কুটির ,"সংস্করণ, ২০২৩",479,বাংলাদেশ,বাংলা, সমাজবিজ্ঞান বিভাগ: অনার্স ,5.0,1,,395,296,,https://ds.rokomari.store/rokomari110/ProductNew20190903/260X372/Social_History_and_Anthropology_2nd_pape-Khan_-e0c8a-144525.jpg
https://www.rokomari.com//book/144522/early-sociology-1st-paper-degree-1st-year-text-book-department-of-sociology,প্রারম্ভিক সমাজবিজ্ঞান - ১ম পত্র (ডিগ্রি ১ম বর্ষ টেক্সট বই) (সমাজবিজ্ঞান বিভাগ), খান , গ্রন্থ কুটির ,"সংস্করণ, ২০২৩",544,বাংলাদেশ,বাংলা, সমাজবিজ্ঞান বিভাগ: ডিগ্রি ,5.0,1,,475,404,,https://ds.rokomari.store/rokomari110/ProductNew20190903/260X372/Early_sociology_1st_paper_Degree_1st_Yea-Khan_-3d474-144522.jpg
https://www.rokomari.com//book/142955/sociology-of-bangladesh-honors-2nd-year-text-book-adaptive-courses,বাংলাদেশের সমাজবিজ্ঞান (অনার্স ২য় বর্ষ টেক্সট বই) (অনুসঙ্গী কোর্সসমূহ), খান , গ্রন্থ কুটির ,2023,403,বাংলাদেশ,বাংলা, সমাজবিজ্ঞান বিভাগ: অনার্স ২য় বর্ষ ,5.0,1,,425,319,,https://ds.rokomari.store/rokomari110/ProductNew20190903/260X372/Sociology_of_Bangladesh_Honors_2nd_Year_-Khan_-dd35f-142955.jpg
https://www.rokomari.com//book/142788/introductory-anthropology-honors-2nd-year-text-book-department-of-sociology,প্রারম্ভিক নৃবিজ্ঞান (অনার্স ২য় বর্ষ টেক্সট বই) (সমাজবিজ্ঞান বিভাগ), খান , গ্রন্থ কুটির ,2023,520,বাংলাদেশ,বাংলা, সমাজবিজ্ঞান বিভাগ: অনার্স ,5.0,1,,430,400,,https://ds.rokomari.store/rokomari110/ProductNew20190903/260X372/Introductory_Anthropology_Honors_2nd_Yea-Khan_-8b644-142788.jpg
https://www.rokomari.com//book/142609/introducing-sociology-honors-1st-year-text-book-adaptive-courses,সমাজবিজ্ঞান পরিচিতি (অনার্স ১ম বর্ষ টেক্সট বই) (অনুসঙ্গী কোর্সসমূহ)), খান , গ্রন্থ কুটির ,২০২২,624,বাংলাদেশ,বাংলা, সমাজবিজ্ঞান বিভাগ: অনার্স ১ম বর্ষ ,4.5,2,2,380,342," বাংলা, ইংরেজি,অর্থনীতি,রাষ্ট্রবিজ্ঞান,ইসলামের ইতিহাস ও সংস্কৃতি, ইতিহাস,দর্শন, ভূগোল ও পরিবেশ, ইসলাম শিক্ষা, মনোবিজ্ঞান, আরবি, সংস্কৃতি ও পালি বিভাগের অনার্স প্রথম বর্ষের ছাত্রছাত্রীদের জন্য ।",https://ds.rokomari.store/rokomari110/ProductNew20190903/260X372/2019ac167_142609.jpg
https://www.rokomari.com//book/133628/anisul-hoque-maa-la-mad-re-spanish-language,আনিসুল হক মা লা মার্দি (স্প্যানিশ ভাষা), আনিসুল হক , মোঃ আবুল হোসেন সবুজ , ,9844584221,"1st Published, 2016",327, Translated Novel ,3.67,3,1,650,559,,https://ds.rokomari.store/rokomari110/ProductNew20190903/260X372/fc81aa28b5c4_133628.jpg
https://www.rokomari.com//book/192929/behesti-jeor-volume-1-and-2-1-11-part-ekotre,বেহেশতী যেওর ভলিউম- ১ ও ২ (১-১১ খণ্ড একত্রে), حكيم الامت مولانا اشرف علي تهانوي رح ( হাকীমুল উম্মত মাওলানা আশরাফ আলী থানভী রহ.) , মুফতি আবু নাঈম মুহাম্মদ সাজিদ , , ,"1st Published, 2019",1000, ইসলামি বিধি-বিধান ও মাসআলা-মাসায়েল ,5.0,1,,0,860,,https://ds.rokomari.store/rokomari110/ProductNew20190903/260X372/67dc9e2c5_192929.jpg
https://www.rokomari.com//book/192919/quran-sunnahor-dua-somvar,কুরআন-সুন্নাহর দুআ-সম্ভার, মুফতি আবু নাঈম মুহাম্মদ সাজিদ , Darut Takbir ,"1st Published, 2019",320,Bangladesh,Bangla & Arabic," Dua, Dorud and Zikr ",5.0,1,1,320,275,"""কুরআন-সুন্নাহর দুআ-সম্ভার"" বইটির সূচিপত্র: ",https://ds.rokomari.store/rokomari110/ProductNew20190903/260X372/226e90a01_192919.jpg
https://www.rokomari.com//book/155307/hey-meye-zodi-sukhomy-jibon-garte-chao,হে মেয়ে যদি ‍সুখময় জীবন গড়তে চাও , মাওলানা আশেক এলাহী বুলন্দশহরী রহ. , মাওলানা মুহাম্মদ আমীনুর রশীদ , ,9789849241836,"1st Published, 2017",128, নারী সম্পর্কীয় ,4.5,2,2,180,108," ""হে মেয়ে যদি ‍সুখময় জীবন গড়তে চাও"" বইটির 'লেখকের আরজি' থেকে নেয়াঃ ",https://ds.rokomari.store/rokomari110/ProductNew20190903/260X372/28a94c9f2_155307.jpg
https://www.rokomari.com//book/188020/islami-akida-bishwase-uthapito-proshner-jobab,ইসলামী আকীদা বিশ্বাসে উত্থাপিত প্রশ্নের জবাব, حكيم الامت مولانا اشرف علي تهانوي رح ( হাকীমুল উম্মত মাওলানা আশরাফ আলী থানভী রহ.) , মাওলানা মুহাম্মাদ আবদুল গাফফার , ,9789843462237,"1st Published, 2019",143," ঈমান, আক্বিদা ও তাওবাহ ",5.0,2,1,240,168,,https://ds.rokomari.store/rokomari110/ProductNew20190903/260X372/fa260155b_188020.jpg
https://www.rokomari.com//book/123909/motsho-pukure-mach-chash-manual,মৎস : পুকুরে মাছ চাষ ম্যানুয়েল, কামাল সিদ্দিকী , জাতীয় স্থানীয় সরকার ইনস্টিষ্টিউট (এনআইএলজি) ,"1st Edition, 1996",606,বাংলাদেশ,বাংলা, মৎস্য চাষ ,4.57,7,1,400,340,,https://ds.rokomari.store/rokomari110/ProductNew20190903/260X372/83a259bead94_123909.jpg
https://www.rokomari.com//book/40407/rani-vobani,রাণী ভবানী, অক্ষয়কুমার মৈত্রেয় , দিব্য প্রকাশ ,984483225X,"3rd Printed, 2015",140,বাংলাদেশ," ঐতিহাসিক ব্যক্তিত্ব, পর্যবেক্ষণ ও ঘটনা ",3.67,3,,200,179, ,https://ds.rokomari.store/rokomari110/ProductNew20190903/260X372/7f37dd156_40407.jpg
https://www.rokomari.com//book/43500/shirajuddoula,সিরাজদ্দৌলা , অক্ষয়কুমার মৈত্রেয় , দে’জ পাবলিশিং (ভারত) ,9788129522818,"10th Edition, 2015",336,ভারত, পশ্চিমবঙ্গের বই: নাটক ,5.0,7,2,0,630, ,https://ds.rokomari.store/rokomari110/ProductNew20190903/260X372/imgrok0520_43500.GIF
https://www.rokomari.com//book/192262/kalsondorva,কালসন্দর্ভা, অঙ্কিতা , ভূমিপ্রকাশ ,"1st Published, 2019",240,বাংলাদেশ,বাংলা, থ্রিলার ,4.1,20,16,320,265,কাহিনি সংক্ষেপ :,https://ds.rokomari.store/rokomari110/ProductNew20190903/260X372/0f84132e3_192262.jpg
https://www.rokomari.com//book/102520/banglar-pakhi-vol-i,বাংলার পাখি (ভল.১), অজয় হোম , দে’জ পাবলিশিং (ভারত) ,9788129523259,"1st Published, 2015",176,ভারত, পাখি ও পাখি বিষয়ক ,5.0,2,,0,450,,https://ds.rokomari.store/rokomari110/ProductNew20190903/260X372/893d9cdce_102520.jpg
https://www.rokomari.com//book/154580/dhaka-biswobiddaloyer-odhivukto-garhsotho-orthoniti-college-proshnobank-o-vorti-sohoyika,ঢাকা বিশ্ববিদ্যালয়ের অধিভুক্ত গার্হস্থ্য অর্থনীতি কলেজ প্রশ্নব্যাংক ও ভর্তি সহায়িকা - বিজ্ঞান বিভাগ, অজয় সরকার , জয়কলি পাবলিকেশন্স লিঃ ,"7th Edition, 2023",250,বাংলাদেশ,বাংলা, বিজ্ঞান বিভাগ ভর্তি প্রস্তুতি ,4.5,4,,450,320,"সকাল থেকে দুপুর কলেজে, এরপর ব্যাচে প্রাইভেট, ১৯ বিকালে কোচিং-এ, সন্ধ্যায় আবার গৃহশিক্ষক, এত্তো কিছু !!! কিন্তু পড়ার টেবিলে? কী পড়বে, কেন পড়বে, কীভাবে পড়বে, কোন অংশটুকু পড়বে। সারা দিনের পড়া? দরকার কিন্তু একটি ভালাে মানের সাজানাে-গােছানাে বই। আর হ্যাঁ, ভর্তি পরীক্ষার জন্য জয়কলি দিচ্ছে সেই ভালাে মানের ও প্রায় ১০০ ভাগ প্রশ্ন কমনের গ্যারান্টেড বই।",https://ds.rokomari.store/rokomari110/ProductNew20190903/260X372/Dhaka_Biswobiddaloyer_Odhivukto_Garhsoth-Ajoy_Sarkar-f3f7c-154580.jpg
https://www.rokomari.com//book/202247/model-test-business-education,মডেল টেস্ট ব্যবসায় শিক্ষা - সেট (৭-১৫), অজয় সরকার , জয়কলি পাবলিকেশন্স লিঃ ,"18 th Edition, 2022",208,বাংলাদেশ,বাংলা, ব্যবসায় শিক্ষা ভর্তি প্রস্তুতি ,3.62,8,4,300,213,,https://ds.rokomari.store/rokomari110/ProductNew20190903/260X372/Model_Test_Business_Education_-Ajoy_Sarkar-0b774-202247.jpg
https://www.rokomari.com//book/234507/joykoly-written-admission-guide,জয়কলি রিটেন ভর্তি সহায়িকা - ব্যবসায় শিক্ষা, অজয় সরকার , জয়কলি পাবলিকেশন্স লিঃ ,"4th Edition, 2023",360,বাংলাদেশ,বাংলা, ব্যবসায় শিক্ষা ভর্তি প্রস্তুতি ,4.5,2,,450,320,,https://ds.rokomari.store/rokomari110/ProductNew20190903/260X372/Joykoly_Written_Admission_Guide-Ajoy_Sarkar-9d5b3-234507.jpg
https://www.rokomari.com//book/137640/joykoly-sokol-cadrer-jonno-bcs-viva-test-papers-and-suggestions,জয়কলি সকল ক্যাডারের জন্য বিসিএস ভাইভা টেস্ট পেপারস এন্ড সাজেশন্স, অজয় সরকার , জয়কলি পাবলিকেশন্স লিঃ ,12th Edition 2023,532,বাংলাদেশ,বাংলা, ভাইভা ,2.25,4,2,450,315," ""জয়কলি সকল ক্যাডারের জন্য বিসিএস ভাইভা টেস্ট পেপারস এন্ড সাজেশন্স"" বইটির প্রথম ফ্ল্যাপ-এর লেখাঃ ",https://ds.rokomari.store/rokomari110/ProductNew20190903/260X372/Joykoly_Sokol_Cadrer_Jonno_BCS_Viva_Test-Ajoy_Sarkar-08fb9-137640.jpeg
https://www.rokomari.com//book/184433/joykoly-bcs-preli-set-ganitik-jukti-45,জয়কলি বিসিএস প্রিলি. সেট গাণিতিক যুক্তি (৪৫তম), অজয় সরকার , জয়কলি পাবলিকেশন্স লিঃ ,"latest Edition, 2022",832,বাংলাদেশ,বাংলা, গাণিতিক যুক্তি ,3.8,5,2,550,336," ""জয়কলি 45 তম বিসিএস প্রিলিমিনারি গাণিতিক যুক্তি"" বইটি যে কারণে পড়বেন?/bbr এই বইয়ে ( সর্বশেষ - ১০ বিসিএস) এর প্রিলিমিনারির সকল প্রশ্নের সমাধান করা হয়েছে।",https://ds.rokomari.store/rokomari110/ProductNew20190903/260X372/Joykoly_Ganitik_Jukti_41_42_and_43_BCS_P-Joykali_Reform_Council-4025a-184433.png
https://www.rokomari.com//book/155888/medi-english-for-medical-dental-afmc-and-amc-admission-test,"Medi English (For Medical,Dental, AFMC And AMC Admission Test) ", Dr. Muhammad Moniuzzaman , Ajoy Sarkar , ,"20th Edition, 2022",468,Bangladesh, Medical Admission Preparation ,4.55,22,11,750,528,"""মেডি ইংলিশ"" ‍বইটির সূচীপত্রঃ ",https://ds.rokomari.store/rokomari110/ProductNew20190903/260X372/Medi_English_For_MedicalDental_AFMC_And_-Dr_Muhammad_Moniuzzaman-bc7ad-155888.png
https://www.rokomari.com//book/87339/gyankosh-antorjatik-bishoyaboli-41-42-and-43-bcs-preli,"জ্ঞানকোষ : আন্তর্জাতিক বিষয়াবলি (৪১, ৪২ এবং ৪৩ তম বিসিএস প্রিলি)", অজয় সরকার , অজয় সরকার , ,"44th Edition, 2022",616,বাংলাদেশ, আন্তর্জাতিক বিষয়াবলি ,4.0,4,,600,342,,https://ds.rokomari.store/rokomari110/ProductNew20190903/260X372/Gyankosh__Antorjatik_Bishoyaboli_41_42_a-Ajoy_Sarkar-a87c8-87339.png
https://www.rokomari.com//book/184897/dental-aid-bigoto-sokol-shikkhaborsher-sokol-proshner-nirvul-uttor-sothik-byakhya-o-suggetion-songbolito-dental-vorti-porikkhar-sohayok-text-book-2019-saler-porikkharthider-jonyo,ডেন্টাল এইড: ডেন্টাল ভর্তি পরীক্ষার সহায়ক টেক্সট বুক - ডেন্টাল এইড, ডা. মো. মনিরুজ্জামান , জয়কলি পাবলিকেশন্স লিঃ ,"6th Edition, 2022",344,বাংলাদেশ,বাংলা, মেডিক্যাল ভর্তি প্রস্তুতি ,3.25,4,2,600,384,"“ডেন্টাল এইড: ডেন্টাল ভর্তি পরীক্ষার সহায়ক টেক্সট বুক"" বইটির ফ্ল্যাপ এর লেখাঃ",https://ds.rokomari.store/rokomari110/ProductNew20190903/260X372/Dental_aid_Bigoto_Sokol_Shikkhaborsher_S-Dr_Md_Moniruzzaman-46537-184897.png
https://www.rokomari.com//book/179529/joykoly-bjs-prili-sohokari-joj-niyog-sohayika-part-2,জয়কলি বিজেএস প্রিলি (সহকারী জজ) নিয়োগ সহায়িকাঃ - পার্ট-২, অজয় সরকার , জয়কলি পাবলিকেশন্স লিঃ ,"2nd Published, 2022",480,বাংলাদেশ,বাংলা, বিজেএস ও অ্যাডভোকেটশীপ প্রস্তুতি ,1.0,1,2,600,384,,https://ds.rokomari.store/rokomari110/ProductNew20190903/260X372/Joykoly_BJS_Prili_Sohokari_Joj_Niyog_Soh-Ashish_Ray-4f617-179529.jpg
https://www.rokomari.com//book/137626/joykoly-bangla-vasha-45-bcs-preli,জয়কলি বাংলা ভাষা (৪৫তম বিসিএস প্রিলি), অজয় সরকার , জয়কলি পাবলিকেশন্স লিঃ ,"6th Edition, January 2022",616,বাংলাদেশ,বাংলা, বাংলা ভাষা ও সাহিত্য ,4.11,9,6,450,234," জয়কলি ৪৪তম বিসিএস প্রিলি বাংলা ভাষাbr অনেকের কাছেই বাংলা বিষয়টা খুব একটা সহজ ও বোধগম্য নয়। বিশেষ করে বাংলা ব্যাকরণ, বাংলা ভাষার ইতিহাস এ জাতীয় বিষয়গুলো। আর বিসিএস পরীক্ষার্থীদের জন্য তো আর বেশি কঠিন হয়ে যায় যখন একসাথে এত বিষয় নখদর্পণে রাখতে হয়। তাই চাই এমন কিছু যা অন্তত একটি বিষয়ের জন্য হলেও এমনভাবে সব পড়তে ও মনে রাখতে সাহায্য করবে যেন আর দ্বিতীয়বার সেটা ভুলে গিয়ে পড়তে না হয়। আর বাংলার জন্ত এমনই একটি উপকারী বই হল জয়কলি ৪১তম বিসিএস প্রিলি বাংলা ভাষা। বইটি তার নিজের বৈশিষ্টে অনন্য-br বিসিএস, ব্যাংক নিয়োগ, শিক্ষক নিয়োগ ও নিবন্ধন, সহকারী জজ নিয়োগ, বিশ্ববিদ্যালয় ভর্তি পরীক্ষা, সকল প্রতিযোগিতামূলক পরীক্ষায় অংশগ্রহণ পূর্বক প্রস্তুতি ও চুড়ান্ত সাফল্যের একটি বিশস্ত ও মননশীল বই।br বইটির প্রতিটি অধ্যায় সাজান হয়েছে বিগত পরীক্ষার প্রশ্নাবলি পর্যালোচনার মাধ্যমে।br বানান রীতির ক্ষেত্রে বাংলা একাডেমি অভিধান অনুসরণ করা হয়েছ।br প্রতিটি অধ্যায়ের তথ্য-উপাত্ত ছক আকারে উপস্থাপন করা হয়েছে।br বিসিএস, ব্যাংক নিয়োগ, শিক্ষক নিয়োগ ও নিবন্ধন, সহকারী জজ নিয়োগ, বিশ্ববিদ্যালয় ভর্তি পরীক্ষা, সকল প্রতিযোগিতামূলক পরীক্ষার অধ্যায়ভিত্তিক নির্ভুল সমাধান এই বইটি।br প্রিলির পাশাপাশি বইটি লিখিত পরীক্ষার জন্য বইটি যথাযথ অগ্রণী ভূমিকা পালনে সহায়ক।br বইটিতে বিসিএস সংশ্লিষ্ট বিষয় ছাড়াও অন্যান্য গুরুত্বপূর্ন অধ্যায়, প্রয়োজনীয় তথ্যাবলি, তথ্যানুসারে ছবি ও জয়কলির’র শর্ট টেকনিক সংযুক্ত রয়েছে।br তাই বাংলা ভাষার এই বইটি শিক্ষার্থীদের জন্য প্রত্যাশিত দক্ষতা অর্জনে ও কাঙ্ক্ষিত সফলতার পথ প্রদর্শক। ",https://ds.rokomari.store/rokomari110/ProductNew20190903/260X372/Joykoly_Bangla_Vasha_44_BCS_Preli-Joykali_Reform_Council-436f4-137626.png
https://www.rokomari.com//book/137634/joykoli-bjs-preli-o-written-question-bank,জয়কলি বিজেএস প্রিলি ও লিখিত প্রশ্নব্যাংক, অজয় সরকার , অজয় সরকার , ,"7 th Edition July, 2022",416,বাংলাদেশ, বিজেএস ও অ্যাডভোকেটশীপ প্রস্তুতি ,2.75,4,2,300,204,"""জয়কলি বিজেএস প্রিলি ও লিখিত প্রশ্নব্যাংক"" বইটির সূচিপত্র:",https://ds.rokomari.store/rokomari110/ProductNew20190903/260X372/Joykoli_BJS_Preli_O_Written_Question_Ban-Ajoy_Sarkar-d5cd8-137634.jpg
https://www.rokomari.com//book/150431/songbidhan-shokol-protijogitamulok-porikkha-jonno,সংবিধান (সকল প্রতিযোগিতামূলক পরীক্ষার জন্য), অজয় সরকার , জয়কলি সম্পাদনা পরিষদ , ,4th edition 2021,240,বাংলাদেশ, বাংলাদেশ বিষয়াবলি ,3.75,8,3,150,118,বইটির সূচিপত্রের কিছু অংশ:,https://ds.rokomari.store/rokomari110/ProductNew20190903/260X372/0a619c912_150431.jpg
https://www.rokomari.com//book/198494/neelnader-utsamukhe,নীলনদের উৎসমুখে, অঞ্জনা দত্ত , বাতিঘর ,9789848034903,"1st Published, 2020",72,বাংলাদেশ, নানাদেশ ও ভ্রমণ ,5.0,2,,200,172,"""নীলনদের উৎসমুখে"" বইয়ের ফ্ল্যাপের লেখা:",https://ds.rokomari.store/rokomari110/ProductNew20190903/260X372/5cb952e7a_198494.jpg
https://www.rokomari.com//book/90196/english-bichitra-sokol-bishwobidyaloyer-jonyo-mcq-part-songkhipto-proshnouttor,ইংলিশ বিচিত্রা, মোঃ জাকির হোসেন , অজয় সরকার , ,20th Edition November 2022,528,Bangladesh," Bangla, English and Math ",4.15,47,24,750,528,"""ইংলিশ বিচিত্রা"" বইটি সম্পর্কে কিছু কথা:",https://ds.rokomari.store/rokomari110/ProductNew20190903/260X372/English_Bichitra_Sokol_Bishwobidyaloyer_-Md_Jakir_Hossain-94363-90196.jpg
https://www.rokomari.com//book/187271/finance-bichitra-finance-banking-o-bima-1st-o-2nd-potro-sokol-bishwobidyaloy-vorti-porikkhar-sohayok-text-book,ফিন্যান্স বিচিত্রা (ফিন্যান্স ব্যাংকিং ও বিমা ১ম ও ২য় পত্র) (সকল বিশ্ববিদ্যালয় ভর্তি পরীক্ষার সহায়ক টেস্ট বুক), মোঃ বিল্লাল হোসেন , জয়কলি পাবলিকেশন্স লিঃ ,"10th Edition, November 2022",272,বাংলাদেশ,বাংলা, ব্যবসায় শিক্ষা ভর্তি প্রস্তুতি ,4.6,5,3,450,317,বইটির সূচিপত্রের কিছু অংশ:,https://ds.rokomari.store/rokomari110/ProductNew20190903/260X372/Finance_Bichitra_Finance_Banking_O_Bima_-Imtiyaj_Jahan_Chowdhury-82aea-187271.jpg
https://www.rokomari.com//book/117886/barron-s-and-cliffs-toefl-bangla-onubad-soho,ব্যারনস এন্ড ক্লিপস টফেল (বাংলা অনুবাদ), শরিফুল ইসলাম খান , অজয় সরকার , ,"10th Edition, 2022",384,Bangladesh, TOEFL ,4.13,67,46,400,230,BARRON’S ‍and CLIFFS TOEFL বাংলা অনুবাদসহ ব্যাখ্যা ,https://ds.rokomari.store/rokomari110/ProductNew20190903/260X372/Barrons_And_Cliffs_Toefl_Bangla_Onubad_S-Shoriful_Islam_Khan-80506-117886.jpg
https://www.rokomari.com//book/117890/varsity-math-for-business-education-and-humanities-section,ভার্সিটি ম্যাথ (ব্যবসায় শিক্ষা ও মানবিক শাখার জন্যে), সরওয়ার হোসেন , অজয় সরকার , ,"11th Edition, Noveber 2022",296,বাংলাদেশ, মানবিক বিভাগ ভর্তি প্রস্তুতি ,4.75,4,1,450,360,,https://ds.rokomari.store/rokomari110/ProductNew20190903/260X372/Varsity_Math_For_Business_Education_and_-Sorwar_Hossain-3ab50-117890.jpg
https://www.rokomari.com//book/137631/joykoly-geography-environment-and-disaster-management-45-bcs-preli,"জয়কলি ভূগোল, পরিবেশ ও দুর্যোগ ব্যবস্থাপনা (৪৫ তম বিসিএস প্রিলি)", অজয় সরকার , জয়কলি পাবলিকেশন্স লিঃ ,"6th Edition, January 2022",264,বাংলাদেশ,বাংলা, ভূগোল (বাংলাদেশ ও বিশ্ব) পরিবেশ ও দুর্যোগ ব্যবস্থাপনা ,4.71,7,8,220,139,সেন্দাই-ফ্রেমওয়ার্ক ২০১৫ – ৩০ হচ্ছে একটি…………..? ,https://ds.rokomari.store/rokomari110/ProductNew20190903/260X372/Joykoly_Geography_Environment_and_Disast-Joykali_Reform_Council-d0482-137631.png
https://www.rokomari.com//book/172475/joykoly-prathomik-o-prak-prathomik-sohokari-shikkhok-niyog-sohayika,জয়কলি প্রাথমিক ও প্রাক-প্রাথমিক সহকারী শিক্ষক নিয়োগ সহায়িকা, অজয় সরকার , জয়কলি পাবলিকেশন্স লিঃ ,"6th Edition, 2023",916,বাংলাদেশ,বাংলা, প্রাথমিক শিক্ষক নিয়োগ পরীক্ষা ,3.8,5,3,600,426,,https://ds.rokomari.store/rokomari110/ProductNew20190903/260X372/Joykoly_Prathomik_O_Prak_Prathomik_Sohok-Joykali_Reform_Council-5a833-172475.png
https://www.rokomari.com//book/102857/chittagong-university-question-bank-o-solution-business-shikkha-c-unit-bybshay-onushodvukto-sokol-bivag,চট্টগ্রাম বিশ্ববিদ্যালয় প্রশ্নব্যাংক ব্যবসায় শিক্ষা - সি ইউনিট, প্রফেসর কাজী জাকের হোসেন , জয়কলি পাবলিকেশন্স লিঃ ,"9th Edition, Nov 2022",213,বাংলাদেশ,বাংলা, ব্যবসায় শিক্ষা ভর্তি প্রস্তুতি ,3.89,9,7,450,320, ,https://ds.rokomari.store/rokomari110/ProductNew20190903/260X372/Chittagong_University_Question_Bank_O_So-Ajoy_Sarkar-551bf-102857.jpg
https://www.rokomari.com//book/119745/buet-model-test-buyet-kutet-chuyet-ruyet,"বুয়েট মডেল টেস্ট (বুয়েট, কুয়েট, চুয়েট, রুয়েট)", অর্নব ঘোষ , অজয় সরকার , ,"7th Edition, 2023",156,বাংলাদেশ, ইঞ্জিনিয়ারিং ভর্তি প্রস্তুতি ,3.63,19,13,300,213,"""বুয়েট মডেল টেস্ট"" বইটির সম্পর্কে কিছু কথা:",https://ds.rokomari.store/rokomari110/ProductNew20190903/260X372/Buet_Model_Test_Buyet_Kutet_Chuyet_Ruyet-Arnob_Gosh-2ddfd-119745.jpg
https://www.rokomari.com//book/190173/krishi-bichitra-sokol-krishi-bishobiddaloy-vorti-porikkhar-sohayok-text-book,কৃষি বিচিত্রা (সকল কৃষি বিশ্ববিদ্যালয় ভর্তি পরীক্ষার সহায়ক টেক্সট বুক), মাহাবুব হাসান ঢাবি , অজয় সরকার , ,"18th Edition, November 2022",732,বাংলাদেশ, কৃষি বিশ্ববিদ্যালয় ভর্তি প্রস্তুতি ,3.57,7,3,750,533,,https://ds.rokomari.store/rokomari110/ProductNew20190903/260X372/Krishi_Bichitra_Sokol_Krishi_Bishobiddal-Mahabub_Hasan_Du-4789d-190173.jpg
https://www.rokomari.com//book/137628/joykoly-bangla-literature-45-bcs-preli,জয়কলি বাংলা সাহিত্য (৪৫তম বিসিএস প্রিলি), অজয় সরকার , জয়কলি পাবলিকেশন্স লিঃ ,"6th Edition, January 2022",424,বাংলাদেশ,বাংলা, বাংলা ভাষা ও সাহিত্য ,3.8,5,5,450,234,আচ্ছা রোসাঙ্গ কী বলুনতো? ,https://ds.rokomari.store/rokomari110/ProductNew20190903/260X372/Joykoly_Bangla_Literature_44_BCS_Preli-Joykali_Reform_Council-bbf57-137628.png
https://www.rokomari.com//book/86564/textiles-bichetra,টেক্সটাইল বিচিত্রা, অজয় সরকার , জয়কলি পাবলিকেশন্স লিঃ ,"16th Edition, Nov 2022",336,বাংলাদেশ,বাংলা, বিশ্ববিদ্যালয় ভর্তি প্রস্তুতি ,4.29,7,4,525,466, ,https://ds.rokomari.store/rokomari110/ProductNew20190903/260X372/Textiles_Bichetra-Ajoy_Sarkar-b55ee-86564.jpg
https://www.rokomari.com//book/179533/joykoly-46th-bcs-preliminary-byakkhasoho-proshno-bank,জয়কলি ৪৬তম বিসিএস প্রিলি ব্যাখ্যাসহ - প্রশ্ন ব্যাংক, অজয় সরকার , জয়কলি পাবলিকেশন্স লিঃ ,"10th Published, June 2023",896,বাংলাদেশ,বাংলা, প্রিলিমিনারি ,3.25,8,6,500,295, ,https://ds.rokomari.store/rokomari110/ProductNew20190903/260X372/Joykoly_46th_BCS_Preliminary_Byakkhasoho-Ajoy_Sarkar-b4ddb-179533.jpg
https://www.rokomari.com//book/117892/sokol-bishwobidyaloy-model-test-manobik-bivag,সকল বিশ্ববিদ্যালয় মডেল টেস্ট-মানবিক বিভাগ, বাধন ঘোষ , অজয় সরকার , ,"Edition, 2023",136,বাংলাদেশ, মানবিক বিভাগ ভর্তি প্রস্তুতি ,5.0,1,1,300,213,,https://ds.rokomari.store/rokomari110/ProductNew20190903/260X372/Sokol_Bishwobidyaloy_Model_Test_Manobik_-Badhon_Ghush-a7b86-117892.jpg
https://www.rokomari.com//book/183532/auditor-and-junior-auditor-niyog-sohayika,অডিটর ও জুনিয়র অডিটর নিয়োগ সহায়িকা, অজয় সরকার , জয়কলি পাবলিকেশন্স লিঃ ,"7th Edition, 2023",344,বাংলাদেশ,বাংলা, অন্যান্য চাকরির প্রস্তুতি ,3.67,30,24,525,378,"""অডিটর ও জুনিয়র অডিটর নিয়োগ সহায়িকা"" বইটি সম্পর্কে কিছু কথা:",https://ds.rokomari.store/rokomari110/ProductNew20190903/260X372/Auditor_and_Junior_Auditor_Niyog_Sohayik-Ajoy_Sarkar-9bf76-183532.jpg
https://www.rokomari.com//book/202961/recent-job-solution,রিসেন্ট জব সল্যুশন, অজয় সরকার , জয়কলি পাবলিকেশন্স লিঃ ,"4th Published, 2023",344,বাংলাদেশ,বাংলা, অন্যান্য চাকরির প্রস্তুতি ,4.0,11,9,420,315,,https://ds.rokomari.store/rokomari110/ProductNew20190903/260X372/Recent_Job_Solution-Ajoy_Sarkar-9ec6e-202961.jpg
https://www.rokomari.com//book/236486/guccho-aid-vorti-sohayika-biggan,GST গুচ্ছ এইড - বিজ্ঞান মডেল টেস্ট, অজয় সরকার , জয়কলি পাবলিকেশন্স লিঃ ,"3rd Edition September, 2022",204,বাংলাদেশ,বাংলা, বিজ্ঞান বিভাগ ভর্তি প্রস্তুতি ,3.78,9,3,450,266,,https://ds.rokomari.store/rokomari110/ProductNew20190903/260X372/Guccho_Aid_Vorti_Sohayika_Biggan-Ajoy_Sarkar-a99b5-236486.jpg
https://www.rokomari.com//book/150469/charukola-bichitra-charokola-onushode-vorti-porikkhar-sohayok-text-book,চারুকলা বিচিত্রা (চারুকলা অনুষদে ভর্তি পরীক্ষার সহায়ক টেক্সট বুক), রফিকুল ইসলাম , জয়কলি পাবলিকেশন্স লিঃ ,"8th Edition, November- 2022",272,বাংলাদেশ,বাংলা, মানবিক বিভাগ ভর্তি প্রস্তুতি ,4.0,7,5,450,320,"""চারুকলা বিচিত্রা (চারুকলা অনুষদে ভর্তি পরীক্ষার সহায়ক টেক্সট বুক)"" বইয়ের সূচিঃ",https://ds.rokomari.store/rokomari110/ProductNew20190903/260X372/Charukola_Bichitra_Charokola_Onushode_Vo-Ajoy_Sarkar-a417d-150469.jpg
https://www.rokomari.com//book/104520/architecture-admission-sohayika-buet-architecture,আর্কিটেকচার ভর্তি সহায়িকা :বুয়েট আর্কিটেকচার ," আর্কিটেক্টবৃন্দ, বুয়েট ", অজয় সরকার , ,"7th Edition, 2023",296,বাংলাদেশ, ইঞ্জিনিয়ারিং ভর্তি প্রস্তুতি ,4.32,19,10,525,378,”আর্কিটেকচার ভর্তি সহায়িকা :বুয়েট আর্কিটেকচার” বইটির সম্পর্কে কিছু কথাঃ,https://ds.rokomari.store/rokomari110/ProductNew20190903/260X372/9f38ffec8_104520.jpg
https://www.rokomari.com//book/84979/hisab-bichitra-1st-o-2nd-part-sokol-bishwobidyaloy-vorti-porikkhar-sohayok-ekmatro-text-book,হিসাব বিচিত্রা -১ম ও ২য় পত্র (সকল বিশ্ববিদ্যালয় ভর্তি পরীক্ষার সহায়ক একমাত্র টেক্সট বুক), মোঃ বিল্লাল হোসেন , জয়কলি পাবলিকেশন্স লিঃ ,"19th Edition, Nov 2022",448,বাংলাদেশ,বাংলা, ব্যবসায় শিক্ষা ভর্তি প্রস্তুতি ,4.25,12,9,600,426, ,https://ds.rokomari.store/rokomari110/ProductNew20190903/260X372/Hisab_Bichitra_1st_O_2nd_Part_Sokol_Bish-Md_Billal_Hossain-ad93c-84979.jpg
https://www.rokomari.com//book/126012/medi-physics-physics-1st-o-2nd-part,মেডি পদার্থবিজ্ঞান : পদার্থবিজ্ঞান ১ম ও ২য় পত্র, ডা. মো. মনিরুজ্জামান , অজয় সরকার , ,"20th Edition, September 2022",656,বাংলাদেশ, মেডিক্যাল ভর্তি প্রস্তুতি ,4.11,19,10,800,536,"""মেডি পদার্থবিজ্ঞান : পদার্থবিজ্ঞান ১ম ও ২য় পত্র"" বইটির সম্পর্কে কিছু কথাঃ",https://ds.rokomari.store/rokomari110/ProductNew20190903/260X372/_Medi_Physics__Physics_1st_O_2nd_Part-Dr_Md_Moniruzzaman-4d06d-126012.png
https://www.rokomari.com//book/185638/marine-bichitra-bangladesh-marine-academy-vorti-sohayok-text-book-physics-english-viva-math-general-knowledge-model-test,মেরিন বিচিত্রা (বাংলাদেশ মেরিন একাডেমী ভর্তি পরীক্ষার সহায়ক টেক্সট বুক), মেহেদী হাসান , জয়কলি পাবলিকেশন্স লিঃ ,"13th Edition, 2023",312,বাংলাদেশ,বাংলা, ইঞ্জিনিয়ারিং ভর্তি প্রস্তুতি ,4.17,6,4,600,426,,https://ds.rokomari.store/rokomari110/ProductNew20190903/260X372/Marine_Bichitra_Bangladesh_Marine_Academ-Ajoy_Sarkar-2e276-185638.jpg
https://www.rokomari.com//book/84982/bybosay-bichitra-business-organization-management-1st-o-2nd-paper-sokol-bishwobidyaloy-vorti-porikkhar-sohayok-ekmatro-text-book,ব্যবসায় বিচিত্রা : ব্যবসায় সংগঠন ব্যবস্থাপনা -১ম ও ২য় পত্র, মোঃ সিরাজুল সালেকীন (শিহাব) , অজয় সরকার , ,"19th Edition, 2022",265,বাংলাদেশ, বিশ্ববিদ্যালয় ভর্তি প্রস্তুতি ,3.73,15,7,450,315, ,https://ds.rokomari.store/rokomari110/ProductNew20190903/260X372/Bybosay_Bichitra__Business_Organization_-Md_Sirajul_Salekin_Shihab-3f6e0-84982.jpg
https://www.rokomari.com//book/107100/buet-math-1st-o-2nd-part-buet-cuet-kuet-ruet-admission-test-sohayok-text-book,বুয়েট গণিত (১ম ও ২য় পত্র), অজয় সরকার , অজয় সরকার , ,"11th edition, August 2022",464,বাংলাদেশ, ইঞ্জিনিয়ারিং ভর্তি প্রস্তুতি ,4.31,35,23,750,528,"""বুয়েট গণিত (১ম ও ২য় পত্র)"" বইটির সম্পর্কে কিছু কথা:",https://ds.rokomari.store/rokomari110/ProductNew20190903/260X372/Buet_Math_1st_O_2nd_Part_BUET_CUET_KUET_-Ajoy_Sarkar-62266-107100.jpg
https://www.rokomari.com//book/125999/medi-chemistry-rosayon-1st-o-2nd-part,মেডি রসায়ন: রসায়ন- ১ম ও ২য় পত্র, অজয় সরকার , অজয় সরকার , ,"20th Edition, 2022",373,বাংলাদেশ, মেডিক্যাল ভর্তি প্রস্তুতি ,4.18,17,8,750,528,"""মেডি রসায়ন: রসায়ন- ১ম ও ২য় পত্র"" বইটি সম্পর্কে কিছু কথাঃ",https://ds.rokomari.store/rokomari110/ProductNew20190903/260X372/Medi_Chemistry_Rosayon_1st_O_2nd_Part-Ajoy_Sarkar-2e991-125999.png
https://www.rokomari.com//book/107101/joykoli-buet-question-bank,জয়কলি বুয়েট প্রশ্নব্যাংক, মেহেদী হাসান , জয়কলি পাবলিকেশন্স লিঃ ,"11th Edition, January 2022",550,বাংলাদেশ,বাংলা, ইঞ্জিনিয়ারিং ভর্তি প্রস্তুতি ,3.81,72,31,750,533,"""জয়কলি বুয়েট কোশ্চেন ব্যাংক (বুয়েট, কুয়েট, চুয়েট, এণ্ড রুয়েট অল কোয়েশ্চন উইথ সল্যুশন)""",https://ds.rokomari.store/rokomari110/ProductNew20190903/260X372/Joykoli_Buet_question_bank-Ajoy_Sarkar-327c3-107101.jpg
https://www.rokomari.com//book/102145/buet-chemistry-chemistry-1st-o-2nd-part-buet-cuet-kuet-ruet-admission-test-assistant-text-book,বুয়েট রসায়ন : রসায়ন ১ম ও ২য় পত্র, বোরহান আহমেদ (ইইই) , অজয় সরকার , ,"11th Edition August, 2022",448,বাংলাদেশ, ইঞ্জিনিয়ারিং ভর্তি প্রস্তুতি ,4.14,36,19,750,528,"""বুয়েট রসায়ন : রসায়ন-১ম ও ২য় পত্র"" বইটি সম্পর্কে কিছু কথা:",https://ds.rokomari.store/rokomari110/ProductNew20190903/260X372/Buet_Chemistry__Chemistry_1st_O_2nd_Part-Borhan_Ahmed_EEE-5e919-102145.jpg
https://www.rokomari.com//book/122473/medi-biology-jibbiggan-1st-o-2nd-part-medical-o-dental-vorti-porikkhar-sohayok-text-book,মেডি বায়োলজি (জীববিজ্ঞান ১ম ও ২য় পত্র) মেডিকেল ও ডেন্টাল ভর্তি পরীক্ষার সহায়ক টেক্সট বুক, অজয় সরকার , অজয় সরকার , ,"20th Edition, 2022",528,বাংলাদেশ, মেডিক্যাল ভর্তি প্রস্তুতি ,4.31,42,20,750,533,"""মেডি বায়োলজি (জীববিজ্ঞান ১ম ও ২য় পত্র) মেডিকেল ও ডেন্টাল ভর্তি পরীক্ষার সহায়ক টেক্সট বুক)"" বইয়ের ফ্ল্যাপ থেকে নেয়াঃ",https://ds.rokomari.store/rokomari110/ProductNew20190903/260X372/Medi_Biology_Jibbiggan_1st_o_2nd_Part_Me-Ajoy_Sarkar-57558-122473.png
https://www.rokomari.com//book/107099/buet-physics-1st-o-2nd-part-buet-cuet-kuet-ruet-admission-test-assistant-text-book,বুয়েট পদার্থবিজ্ঞান (১ম ও ২য় পত্র), বোরহান আহমেদ (ইইই) , অজয় সরকার , ,"11th Edition, August 2022",624,বাংলাদেশ, ইঞ্জিনিয়ারিং ভর্তি প্রস্তুতি ,4.06,51,34,750,528,"""বুয়েট পদার্থবিজ্ঞান (১ম ও ২য় পত্র)"" বইটি সম্পর্কে কিছু কথা:",https://ds.rokomari.store/rokomari110/ProductNew20190903/260X372/Buet_Physics_1st_O_2nd_Part_BUET_CUET_KU-Borhan_Ahmed_EEE-79eed-107099.jpg
https://www.rokomari.com//book/102854/rajshahi-university-question-bank-and-admission-guide,রাজশাহী বিশ্ববিদ্যালয় প্রশ্নব্যাংক ও ভর্তি সহায়িকা মানবিক অনুষদ - এ ইউনিট, অজয় সরকার , জয়কলি পাবলিকেশন্স লিঃ ,"9th Edition, January 2023",372,বাংলাদেশ,বাংলা, মানবিক বিভাগ ভর্তি প্রস্তুতি ,3.65,23,10,450,320,"""রাজশাহী বিশ্ববিদ্যালয় প্রশ্নব্যাংক"" ‍বইটির সম্পর্কে কিছু কথাঃ ",https://ds.rokomari.store/rokomari110/ProductNew20190903/260X372/Rajshahi_University_Question_Bank_and_Ad-Ajoy_Sarkar-33440-102854.jpg
https://www.rokomari.com//book/72178/podartho-bichitra-physics-1st-o-2nd-part,পদার্থ বিচিত্রা: পদার্থ বিজ্ঞান (১ম ও ২য় পত্র), অজয় সরকার , অজয় সরকার , ,"19th Edition, August 2022",569,বাংলাদেশ, ইঞ্জিনিয়ারিং ভর্তি প্রস্তুতি ,3.96,97,48,750,528,"""পদার্থ বিচিত্রা: পদার্থ বিজ্ঞান (১ম ও ২য় পত্র)"" বইটি সম্পর্কে কিছু কথা:",https://ds.rokomari.store/rokomari110/ProductNew20190903/260X372/Podartho_Bichitra_Physics_1st_O_2nd_Part-Ajoy_Sarkar-b3808-72178.jpg
https://www.rokomari.com//book/72179/rosayon-bicitra-physics-1st-o-2nd-part, রসায়ন বিচিত্রা: রসায়ন-১ম ও ২য় পত্র, মোঃ তুষার হাসান , অজয় সরকার , ,"20th Edition, 2022",640,বাংলাদেশ, বিজ্ঞান বিভাগ ভর্তি প্রস্তুতি ,4.4,57,38,750,533,""" রসায়ন বিচিত্রা: রসায়ন-১ম ও ২য় পত্র"" বইটি সম্পর্কে কিছু কথা:",https://ds.rokomari.store/rokomari110/ProductNew20190903/260X372/_Rosayon_Bicitra__Physics_1st_O_2nd_Part-Md_Tushar_Hasan-ab052-72179.jpg
https://www.rokomari.com//book/102872/gonit-bichitra-gonit-1st-o-2nd-part,গণিত বিচিত্রা : গণিত ১ম ও ২য় পত্র - বিজ্ঞান সেট ৩/৭, অধ্যাপক অরুণ কুমার নাথ , অজয় সরকার , ,"19th Edition, August 2022",632,বাংলাদেশ, বিশ্ববিদ্যালয় ভর্তি প্রস্তুতি ,4.16,89,47,900,550,"""গণিত বিচিত্রা: গণিত-১ম ও ২য় পত্র"" বইটি সম্পর্কে কিছু কথা:",https://ds.rokomari.store/rokomari110/ProductNew20190903/260X372/Gonit_Bichitra__Gonit_1st_O_2nd_Part-Odhyapok_Orun_Kumar_Nath-5385f-102872.jpg
https://www.rokomari.com//book/84980/bangla-bichitra-bangla-1st-o-2nd-part-sohopath-uponyas-o-natok,বাংলা বিচিত্রা -বাংলা ১ম ও ২য় পত্র সহপাঠ (উপন্যাস ও নাটক), পংকজ কুমার সিকদার , অজয় সরকার , ,"19 th Edition, August 2022",584,বাংলাদেশ, বিশ্ববিদ্যালয় ভর্তি প্রস্তুতি ,3.99,81,45,750,528,বিসিএস ও সরকারি-বেসকারি বিভিন্ন পদে চাকরি প্রার্থীদের বাংলায় (উপন্যাস ও নাটক) ভালো প্রস্তুতির জন্য আদর্শ একটি বই।,https://ds.rokomari.store/rokomari110/ProductNew20190903/260X372/Bangla_Bichitra_Bangla_1st_O_2nd_Part_So-Ponkoj_Kumar_Sikder-7032c-84980.jpg
https://www.rokomari.com//book/215271/meritime-aid-vorti-sohaika-science,মেরিটাইম এইড ভর্তি সহায়িকা - বিজ্ঞান অনুষদ, জয়কলি সম্পাদনা পরিষদ , অজয় সরকার , ,"2nd Edition April, 2022",340,বাংলাদেশ, বিজ্ঞান বিভাগ ভর্তি প্রস্তুতি ,3.8,5,3,450,320,,https://ds.rokomari.store/rokomari110/ProductNew20190903/260X372/Meritime_aid_Vorti_sohaika_Science-Joykoly_Publications_Ltd-0a544-215271.jpg
https://www.rokomari.com//book/187274/marketing-bichitra-utpadon-babochthapona-o-biponon-1st-o-2nd-potro,মার্কেটিং বিচিত্রা (উৎপাদন ব্যবন্থাপনা ও বিপণন ১ম ও ২য় পত্র) (সকল বিশ্ববিদ্যালয় ভর্তি পরীক্ষার সহায়ক টেক্সট বুক), মোঃ বিল্লাল হোসেন , জয়কলি পাবলিকেশন্স লিঃ ,"9th Edition, 2022",268,বাংলাদেশ,বাংলা, ব্যবসায় শিক্ষা ভর্তি প্রস্তুতি ,3.75,4,1,450,320,,https://ds.rokomari.store/rokomari110/ProductNew20190903/260X372/Marketing_Bichitra_Utpadon_Babochthapona-Imtiyaj_Jahan_Chowdhury-24f22-187274.jpg
https://www.rokomari.com//book/154579/dhaka-biswobiddaloyer-odhivukti-garhsotho-orthoniti-college-questionbank-o-vorti-sohoyika-manobik,ঢাকা বিশ্ববিদ্যালয়ের অধিভুক্তি গার্হস্থ্য অর্থনীতি কলেজ প্রশ্নব্যাংক ও ভর্তি সহয়িকা - মানবিক, অজয় সরকার , জয়কলি পাবলিকেশন্স লিঃ ,"7th Edition, September 2022",308,বাংলাদেশ,বাংলা, মানবিক বিভাগ ভর্তি প্রস্তুতি ,5.0,1,2,450,320,,https://ds.rokomari.store/rokomari110/ProductNew20190903/260X372/Dhaka_Biswobiddaloyer_Odhivukti_Garhsoth-Ajoy_Sarkar-a3ca8-154579.jpg
https://www.rokomari.com//book/190175/krishi-bishwobidyaloy-proshnobank-suggestion-o-model-test-songbolito,কৃষি বিশ্ববিদ্যালয় প্রশ্নব্যাংক সাজেশন্স ও মডেল টেস্ট সংবলিত, মাহাবুব হাসান ঢাবি , অজয় সরকার , ,"10th Edition, 2023",312,বাংলাদেশ, অন্যান্য চাকরির প্রস্তুতি ,3.57,7,3,525,405,,https://ds.rokomari.store/rokomari110/ProductNew20190903/260X372/Krishi_Bishwobidyaloy_Proshnobank_Sugges-Mahabub_Hasan_Du-7fc5f-190175.jpg
https://www.rokomari.com//book/187257/jahangirnogor-bishshobiddaloy-b-unit-vorti-shohayeka-shomajbiggan-onushod,জাহাঙ্গীরনগর বিশ্ববিদ্যালয় ভর্তি সহায়িকা (সমাজবিজ্ঞান অনুষদ) - B ইউনিট, রফিকুল ইসলাম , জয়কলি পাবলিকেশন্স লিঃ ,"11th Edition, 2022",472,বাংলাদেশ,বাংলা, মানবিক বিভাগ ভর্তি প্রস্তুতি ,4.23,13,7,600,426,বইটিতে যা আছে:,https://ds.rokomari.store/rokomari110/ProductNew20190903/260X372/Jahangirnogor_Bishshobiddaloy_B_Unit_Vor-Jaker_Hossain_BSS-b3a55-187257.jpg
https://www.rokomari.com//book/215272/meritime-aid-vortisohaika-all-unit,মেরিটাইম এইড ভর্তি সহায়িকা - সমন্বিত অনুষদ, জয়কলি সম্পাদনা পরিষদ , অজয় সরকার , ,"2nd Edition April, 2022",316,বাংলাদেশ, বিশ্ববিদ্যালয় ভর্তি প্রস্তুতি ,3.25,8,6,450,320,,https://ds.rokomari.store/rokomari110/ProductNew20190903/260X372/Meritime_aid_vortisohaika___All_unit-Joykoly_Publications_Ltd-e9434-215272.jpg
https://www.rokomari.com//book/202246/chittagong-university-questionbank-and-admission-assistant,চট্টগ্রাম বিশ্ববিদ্যালয় প্রশ্নব্যাংক ও ভর্তি সহায়িকা - ডি- ইউনিট, রফিকুল ইসলাম , জয়কলি পাবলিকেশন্স লিঃ ,"9th Edition, November 2022",272,বাংলাদেশ,বাংলা, মানবিক বিভাগ ভর্তি প্রস্তুতি ,3.73,15,6,450,320,,https://ds.rokomari.store/rokomari110/ProductNew20190903/260X372/Chittagong_University_Questionbank_And_a-Ajoy_Sarkar-c8693-202246.jpg
https://www.rokomari.com//book/234505/model-test-department-of-science,মডেল টেস্ট বিজ্ঞান বিভাগ - বিজ্ঞান সেট - (৬/৭), অজয় সরকার , জয়কলি পাবলিকেশন্স লিঃ ,18 th Edition 2023,192,বাংলাদেশ,বাংলা, বিজ্ঞান বিভাগ ভর্তি প্রস্তুতি ,5.0,5,3,300,213,,https://ds.rokomari.store/rokomari110/ProductNew20190903/260X372/Model_Test_Department_of_Science-Ajoy_Sarkar-84e90-234505.jpg
https://www.rokomari.com//book/102855/chittagong-university-questionbank-manobik-shakha-b-unit,চট্টগ্রাম বিশ্ববিদ্যালয় প্রশ্নব্যাংক মানবিক শাখা - বি ইউনিট, রফিকুল ইসলাম , জয়কলি পাবলিকেশন্স লিঃ ,"9th Edition,November, 2022",216,বাংলাদেশ,বাংলা, মানবিক বিভাগ ভর্তি প্রস্তুতি ,4.5,4,4,450,320, ,https://ds.rokomari.store/rokomari110/ProductNew20190903/260X372/Chittagong_University_Questionbank_Manob-Ajoy_Sarkar-ce9ce-102855.jpg
https://www.rokomari.com//book/102856/chittagong-university-questionbank-science-shakha-a-unit,চট্টগ্রাম বিশ্ববিদ্যালয় প্রশ্নব্যাংক বিজ্ঞান শাখা - এ- ইউনিট, রফিকুল ইসলাম , জয়কলি পাবলিকেশন্স লিঃ ,"9th Edition, 2022",252,বাংলাদেশ,বাংলা, বিজ্ঞান বিভাগ ভর্তি প্রস্তুতি ,4.09,23,19,450,320,"""চট্টগ্রাম বিশ্ববিদ্যালয় প্রশ্নব্যাংক বিজ্ঞান শাখা"" বইটি সম্পর্কে কিছু কথা:",https://ds.rokomari.store/rokomari110/ProductNew20190903/260X372/Chittagong_University_Questionbank_Scien-Ajoy_Sarkar-48c9a-102856.jpg
https://www.rokomari.com//book/102852/rajshahi-university-question-bank-o-solution-science-facaulty,রাজশাহী বিশ্ববিদ্যালয় প্রশ্নব্যাংক ও সমাধান বিজ্ঞান অনুষদ - সি ইউনিট, অজয় সরকার , অজয় সরকার , ,"9th Edition, November 2022",313,বাংলাদেশ, বিজ্ঞান বিভাগ ভর্তি প্রস্তুতি ,4.13,15,8,450,320, ,https://ds.rokomari.store/rokomari110/ProductNew20190903/260X372/Rajshahi_University_Question_Bank_O_Solu-Ajoy_Sarkar-5559f-102852.jpg
https://www.rokomari.com//book/152180/dhaka-university-7ti-colleger-admission-guide-science-department,ঢাকা বিশ্ববিদ্যালয় অধিভুক্ত সরকারি ৭ কলেজ ভর্তি সহায়িকা - বিজ্ঞান বিভাগ, অজয় সরকার , জয়কলি পাবলিকেশন্স লিঃ ,"4th Edition, 2022",296,বাংলাদেশ,বাংলা, বিজ্ঞান বিভাগ ভর্তি প্রস্তুতি ,3.91,11,6,450,320,,https://ds.rokomari.store/rokomari110/ProductNew20190903/260X372/Dhaka_University_7ti_Colleger_Admission_-Ajoy_Sarkar-1607b-152180.jpg
https://www.rokomari.com//book/152771/dhaka-university-7ti-colleger-admission-guide-art-s-department,ঢাকা বিশ্ববিদ্যালয় অধিভুক্ত সরকারি ৭ কলেজ ভর্তি সহায়িকা - মানবিক অনুষদ, অজয় সরকার , জয়কলি পাবলিকেশন্স লিঃ ,"6th Edition, 2023",220,বাংলাদেশ,বাংলা, মানবিক বিভাগ ভর্তি প্রস্তুতি ,4.26,19,14,450,320,,https://ds.rokomari.store/rokomari110/ProductNew20190903/260X372/Dhaka_University_7ti_Colleger_Admission_-Ajoy_Sarkar-201f5-152771.jpg
https://www.rokomari.com//book/179538/bangobondhu-o-muktijuddha-vittik-guruttopurno-mcq,বঙ্গবন্ধু ও মুক্তিযুদ্ধ ভিত্তিক গুরুত্বপূর্ণ এমসিকিউ, অজয় সরকার , জয়কলি পাবলিকেশন্স লিঃ ,4th edition 2022,136,বাংলাদেশ,বাংলা, বাংলাদেশ বিষয়াবলি ,4.32,74,49,150,74,"বিভিন্ন প্রতিযোগিতামূলক পরীক্ষায় সাধারণ জ্ঞান বাংলাদেশ অংশে যে দুটো বিষয় থেকে প্রশ্ন আসবে নিশ্চিত সে বিষয় দুটি হচ্ছে বঙ্গবন্ধু ও মুক্তিযুদ্ধ। কিন্তু বঙ্গবন্ধুর জীবন এতই বর্ণাঢ্য ও মুক্তিযুদ্ধের প্রেক্ষাপট এতোই বিশাল যে পুরোটা কারও পক্ষেই আয়ত্ত করা অসম্ভব। তাই জানতে হবে কোন বিষয়গুলো বেশি জানা জরুরী, কোন অংশ থেকে আগে বেশি প্রশ্ন এসেছে। এসব বিষয়ে সম্যক জ্ঞান আহরণের জন্য ও দারুণ একটি প্রস্তুতি নেয়ার জন্য জয়কলি থেকে প্রকাশ পাওয়া 'বঙ্গবন্ধু ও মুক্তিযুদ্ধ ভিত্তিক গুরুত্বপূর্ণ এমসিকিউ' বইটির তুলনা নেই। ",https://ds.rokomari.store/rokomari110/ProductNew20190903/260X372/Bangobondhu_O_Muktijuddha_Vittik_Gurutto-Joykali_Reform_Council-fb2d7-179538.jpg
https://www.rokomari.com//book/152181/dhaka-university-7ti-colleger-admission-guide-business-studies-department,ঢাকা বিশ্ববিদ্যালয় অধিভুক্ত সরকারি ৭ কলেজ ভর্তি সহায়িকা - ব্যবসায় শিক্ষা, অজয় সরকার , জয়কলি পাবলিকেশন্স লিঃ ,"5th Edition, November 2022",224,বাংলাদেশ,বাংলা, ব্যবসায় শিক্ষা ভর্তি প্রস্তুতি ,4.07,15,4,450,320,,https://ds.rokomari.store/rokomari110/ProductNew20190903/260X372/Dhaka_University_7ti_Colleger_Admission_-Ajoy_Sarkar-d8f3f-152181.jpg
https://www.rokomari.com//book/192531/aurangzeb-byakti-o-kolpokotha,আওরঙ্গজেব ব্যক্তি ও কল্পকথা, অড্রি ট্রুসকে , মোহাম্মদ হাসান শরীফ , ,9789849431794,"1st Published, 2020",128, মুঘল সাম্রাজ্যের ইতিহাস ,3.8,10,7,200,172,"“আওরঙ্গজেব ব্যক্তি ও কল্পকথা"" বইটির ফ্ল্যাপ এর লেখাঃ",https://ds.rokomari.store/rokomari110/ProductNew20190903/260X372/4dc991560_192531.jpg
https://www.rokomari.com//book/124976/veterinary-medicine-a-textbook-of-the-diseases-of-cattle-horses-sheep-pigs-and-goats-radostits-veterinary-medicine,"Veterinary Medicine: A textbook of the diseases of cattle, horses, sheep, pigs and goats, (Radostits, Veterinary Medicine)", Otto M. Radostits , Saunders Ltd ,9780702027772,"10th Edition, 2006",2065,India, Veterinary and Animal Husbandry ,5.0,3,,0,0,,
https://www.rokomari.com//book/124892/linear-algebra-with-applications,Linear Algebra With Applications, Otto Bretscher , Pearson (India) ,9788131714416,"3rd Edition, 2009",488,India, Department of Mathematics ,5.0,1,,0,0,,
https://www.rokomari.com//book/125269/autodesk-combustion-4-fundamentals-courseware,Autodesk Combustion 4 Fundamentals Courseware, Autodesk , Elsevier ,9788131205488,"1st Edition, 2006",India,English, Computer Science & Engineering ,5.0,2,,0,945,,
https://www.rokomari.com//book/119705/cryptography-and-network-security,Cryptography and Network Security, Atul Kahate , Mcgraw Hill Education ,9781259029882,"3rd Edition, 2013",528,India, Computer Science & Engineering ,5.0,1,,0,0,,
https://www.rokomari.com//book/25548/golpo-shuni-adob-shikhi,গল্প শুনি আদব শিখি, অধ্যক্ষ আবদুর রাজ্জাক , ঝিঙেফুল ,9789846424041,"3rd Printed, 2017",64,বাংলাদেশ, শিশু-কিশোর ইসলামি বই ,4.84,19,6,100,75,"""গল্প শুনি আদব শিখি"" বইয়ের ভিতরের লেখা:",https://ds.rokomari.store/rokomari110/ProductNew20190903/260X372/bca766878_25548.jpg
https://www.rokomari.com//book/216756/ijhare-haqw,ইজহারে হক্ব, অধ্যক্ষ শেখ মোহাম্মদ আব্দুল করিম সিরাজনগরী , জাগরণ প্রকাশনী (চট্টগ্রাম) ,"1st Published, 2012",252,বাংলাদেশ,বাংলা," ইসলামি গবেষণা, সমালোচনা ও প্রবন্ধ ",3.0,1,,200,172,,https://ds.rokomari.store/rokomari110/ProductNew20190903/260X372/9b5ddb83d_216756.jpg
https://www.rokomari.com//book/46918/tirmizi-sorif-demy,সহীহ্‌ তিরমিযী শরীফ সব খন্ড একত্রে (ডিমাই), ইমাম আবু ঈসা মুহাম্মদ ইবনে ঈসা আত তিরমিযী (রহঃ) , অধ্যক্ষ শামছুল হক সাহেব , ,"5th Edition, 2015",880,বাংলাদেশ, হাদিস ও সুন্নাত ,4.6,5,2,450,377, ,
https://www.rokomari.com//book/46859/mosnobi-sorif-1st-to-5th-part-together,মসনবী শরীফ (১ম হইতে ৫ম খন্ড একত্রে), জালালুদ্দীন রূমী (রহঃ) , অধ্যক্ষ শামছুল হক সাহেব , , ,"12th Edition, 2023",658, আধ্যাত্মিকতা ও সুফিবাদ ,3.85,34,16,0,567,"""মসনবী শরীফ (১ম হইতে ৫ম খন্ড একত্রে)"" বইটির সম্পর্কে কিছু কথা: ",https://ds.rokomari.store/rokomari110/ProductNew20190903/260X372/ec1250ade_46859.jpg
https://www.rokomari.com//book/114544/chotoder-quraner-kahini,ছোটদের কুরআনের কাহিনী, মাওলানা মুহাম্মাদ হাসান রহমতী , মাওলানা মুহাম্মাদ হাসান রহমতী , ,9848392413,"Edition, 2014",112, শিশু-কিশোর ইসলামি বই ,4.29,17,14,150,105,"""ছোটদের কুরআনের কাহিনী""বইটির মুখপত্র:",https://ds.rokomari.store/rokomari110/ProductNew20190903/260X372/7eb04b906014_114544.gif
https://www.rokomari.com//book/137914/ghatok-nirmul-andoloner-sritibahi-1993-sal,ঘাতক নির্মূল আন্দোলনে স্মৃতিবাহী ১৯৯৩ সাল, অধ্যাপক আব্দুল মান্নান চৌধূরী , অমর প্রকাশনী ,9789849224266,"1st Published, 2017",144,বাংলাদেশ, ডায়েরি ও চিঠিপত্র সংকলন ,5.0,1,,300,258,,https://ds.rokomari.store/rokomari110/ProductNew20190903/260X372/3d031d2dfe04_137914.jpg
https://www.rokomari.com//book/5825/akattore-bondi-mujib-pakistaner-mrittujontrona,একাত্তরে বন্দী মুজিব : পাকিস্তানের মৃত্যুযন্ত্রণা, অধ্যাপক আবু সাইয়িদ , সূচীপত্র ,9847002202022,"1st Printed, 2012",159,বাংলাদেশ, বঙ্গবন্ধু শেখ মুজিবুর রহমান ,5.0,8,4,400,344,"""একাত্তরে বন্দী মুজিব : পাকিস্তানের মৃত্যুযন্ত্রণা"" বইয়ের ফ্ল্যাপের লেখা:",https://ds.rokomari.store/rokomari110/ProductNew20190903/260X372/d52b69fde_5825.jpg
https://www.rokomari.com//book/141389/court-marshal-aami-mrittuke-proya-kori-na,কোর্ট মার্শাল আমি মৃত্যুকে পরোয়া করি না, অধ্যাপক আবু সাইয়িদ , সূচীপত্র ,97898492130009,"1st Published, 2017",176,বাংলাদেশ, মুক্তিযুদ্ধ ও ভাষা আন্দোলন বিষয়ক প্রবন্ধ ,4.5,2,,350,301,"""কোর্ট মার্শাল আমি মৃত্যুকে পরোয়া করি না"" বইয়ের ফ্ল্যাপের লেখা:",https://ds.rokomari.store/rokomari110/ProductNew20190903/260X372/5a212d883334_141389.jpg
https://www.rokomari.com//book/215920/jebhabe-swadhinata-pelam,যেভাবে স্বাধীনতা পেলাম, অধ্যাপক আবু সাইয়িদ , ভোরের কাগজ প্রকাশন ,9789849519591,"1st Published, 2021",248,বাংলাদেশ, প্রসঙ্গ: মুক্তিযুদ্ধ ,5.0,1,,500,430," ""যেভাবে স্বাধীনতা পেলাম"" বইটির প্রথম ফ্ল্যাপ এর লেখাঃ ",https://ds.rokomari.store/rokomari110/ProductNew20190903/260X372/8f2e3ee70_215920.jpg
https://www.rokomari.com//book/197575/tomar-aloke-rohibo-jagiya,তোমার আলোকে রহিব জাগিয়া, অধ্যাপক আবু সাইয়িদ , অনন্যা ,9789844329447,"1st Published, 2020",176,বাংলাদেশ, বঙ্গবন্ধু শেখ মুজিবুর রহমান ,5.0,1,1,300,258,,
https://www.rokomari.com//book/25886/muktijudho-upekhito-garila,মুক্তিযুদ্ধ: উপেক্ষিত গেরিলা, অধ্যাপক আবু সাইয়িদ , চারুলিপি প্রকাশন ,9789845980029,"2nd Printed, 2017",136,বাংলাদেশ, মুক্তিযুদ্ধের ইতিহাস: মুক্তিযুদ্ধের নানা ঘটনা ,5.0,1,,250,215, ,https://ds.rokomari.store/rokomari110/ProductNew20190903/260X372/a949fe052_25886.jpg
https://www.rokomari.com//book/140106/apex-bcs-preliminary-bangla-vasa-o-shahitto-metro-series,এপেক্স বিসিএস প্রিলিমিনারি বাংলা ভাষা ও সাহিত্য, অধ্যাপক ড. আবু কায়েস মাহামুদ নূর হোসেন , মেট্রো পাবলিকেশন্স ,New Edition 2017,639,বাংলাদেশ,বাংলা, বাংলা ভাষা ও সাহিত্য ,5.0,1,,380,298,ইতিহাস এবং ব্যাকরণের এক অপূর্ব সমন্বয় হল “এপেক্স বিসিএস প্রিলিমিনারি বাংলা ভাষা ও সাহিত্য”। অনেক সময় চাকুরী প্রত্যাশীদের জন্য অনেকগুলো বই কেনা কষ্ট সাধ্য হয়ে পড়ে তাই এমন একটা বই প্রয়োজন হয় যে বই প্রত্যেকটা টপিকস কাভার করবে এবং খুব সুনদর করে বুঝানো হয়েছে যেন পরীক্ষায় ভালো করা যায়।,https://ds.rokomari.store/rokomari110/ProductNew20190903/260X372/b122b9b27514_140106.jpg
https://www.rokomari.com//book/208718/tabkat-e-nasire,তবকাত -ই - নাসিরী, অধ্যাপক ড. আবদুস সবুর খান , আকাশ ,9789848004067,"1st Published, 2021",500,বাংলাদেশ, বাংলাদেশ ও ইতিহাস ,5.0,1,,650,488,,
https://www.rokomari.com//book/85189/hindu-dhormogrontho-bed-purane-allah-o-hajrat-mohammod,হিন্দু ধর্মগ্রন্থ বেদ-পুরাণে আল্লাহ্‌ ও হযরত মোহাম্মদ, অধ্যাপক ড. বেদপ্রকাশ উপাধ্যায় , গৌরী ভট্টাচার্য্য , , ,9846230023,"31th Edition, 2014", ইসলামি বিবিধ বই ,4.04,25,11,200,136,"""হিন্দু ধর্মগ্রন্থ বেদ-পুরাণে আল্লাহ্‌ ও হযরত মোহাম্মদ"" বইয়ের ভূমিকা:",https://ds.rokomari.store/rokomari110/ProductNew20190903/260X372/56f19d96b_85189.jpg
https://www.rokomari.com//book/194690/salat-pori-bujhe-bujhe,সালাত পড়ি বুঝে বুঝে, অধ্যাপক ডা. এস. এম. রেজাউল করিম মারুফ , প্রফেসর’স বুক কর্ণার ,97898433998300,"1st Published, 2020",76,বাংলাদেশ, সালাত/নামায ,5.0,3,2,60,45,,https://ds.rokomari.store/rokomari110/ProductNew20190903/260X372/c7611307b_194690.jpg
https://www.rokomari.com//book/139223/nak-kan-golar-somocha-o-koroniao,নাক কান গলার সমস্যা ও করণীয়, অধ্যাপক ডা. জাহীর আল-আমীন , প্রান্ত প্রকাশন ,9789849272692,"1st Published, 2017",104,বাংলাদেশ, স্বাস্থ্যবিধি ও পরামর্শ ,3.5,2,,300,257,,https://ds.rokomari.store/rokomari110/ProductNew20190903/260X372/0cea556e5d34_139223.jpg
https://www.rokomari.com//book/171073/arabic-grammar-and-composition,অ্যারাবিক গ্রামার এন্ড কম্পোজিশন, অধ্যাপক ডা. এন এ কামরুল আহসান , অধ্যাপক ডা. এন এ কামরুল আহসান , ,151,Bangladesh,"Bangla, English, Arabic", Arabic Learning ,5.0,5,2,200,150,,
https://www.rokomari.com//book/193819/practice-of-modern-allopathic-treatment,প্র্যাকটিস অফ মডার্ন অ্যালপ্যাথিক চিকিৎসা, অধ্যাপক ডা. এ. কে. এম ফজলুল হক , ডা. তনয় কুমার ঘোষাল , ,9789843380975,"Revised Edition, 2019",912, স্বাস্থ্যবিধি ও পরামর্শ ,4.0,2,3,715,501,"“প্র্যাকটিস অফ মডার্ন অ্যালপ্যাথিক চিকিৎসা"" বইটির মুখবন্ধ এর লেখাঃ",https://ds.rokomari.store/rokomari110/ProductNew20190903/260X372/d47c2d059_193819.jpg
https://www.rokomari.com//book/8080/pilse-fistula-o-colorectal-cancer,পাইলস ফিস্টুলা ও কলোরেক্টাল ক্যান্সার, অধ্যাপক ডা. এ. কে. এম ফজলুল হক , ডা. সজল আশফাক , ,9849844042483,"4th Edition, 2022",120, স্বাস্থ্য বিষয়ক বিবিধ বই ,4.62,8,6,270,232,"""পাইলস ফিস্টুলা ও কলোরেক্টাল ক্যান্সার"" বইটি সম্পর্কে কিছু কথা:",https://ds.rokomari.store/rokomari110/ProductNew20190903/260X372/3152a176d_8080.jpg
https://www.rokomari.com//book/155271/arabic-grammar-and-composition,অ্যারাবিক গ্রামার এন্ড কম্পোজিশন," শায়খ সিরাজ উদ্দীন উসমান আউধী, চিশতী (র.) ", অধ্যাপক ডা. এন এ কামরুল আহসান , ,"3rd Edition, 2022",152,Bangladesh, Arabic Learning ,4.0,12,7,300,210," বাংলাভাষী যাঁরা ইংরেজীতে শিক্ষিত আল-কোরআন পড়তে পাড়েন কিন্তু অর্থ বুঝতে পারেন না, তাঁদের ইংরেজি ব্যাকরনের জ্ঞানি সামনে রেখে আরবী ব্যাকরন ও বাক্য গঠন কৌশল বুঝার ও রপ্ত করতে পারার উদ্দেশ্যই পুস্তিকাটি সংকলন করা হয়েছে। ইংরেজী গ্রামার থেকে আরবী ব্যাকরন ও এর প্রয়োগ কৌশল আলাদা হলেও ইংরেজী ব্যাকরনের জ্ঞান আরবী ব্যাকরনে দক্ষতা অর্জনে তড়িৎ ফলপ্রসূ হবে আশা করা যায়। যারা আল-কুরআন (আরবী) না বুঝতে পারার অসম্পূর্নতার অস্বতিতে থাকেন তাঁদের জন্য এই বই।",https://ds.rokomari.store/rokomari110/ProductNew20190903/260X372/d2d2641b2_155271.jpg
https://www.rokomari.com//book/10009/sushasther-jonno,সুস্বাস্থ্যের জন্য, অধ্যাপক ডা. মো. শহীদুল্লাহ , ঐতিহ্য ,9789847760346,"1st Published, 2012",127,বাংলাদেশ, স্বাস্থ্যবিধি ও পরামর্শ ,5.0,1,,125,98, ,https://ds.rokomari.store/rokomari110/ProductNew20190903/260X372/bafa39b75_10009.jpg
https://www.rokomari.com//book/132733/sonali-bikel,সোনালি বিকেল , মোস্তফা ফিরোজ প্রধান , মানবাধিকার প্রকাশন ,9789849272069,"1st Published, 2017",বাংলাদেশ,বাংলা, কবিতা সমগ্র ,5.0,1,,150,118,,https://ds.rokomari.store/rokomari110/ProductNew20190903/260X372/628014e2f204_132733.jpg
https://www.rokomari.com//book/153585/romantic-adults-tinti-prapto-boyosko-uponyas,রোম্যান্টিক অ্যাডাল্টস : তিনটি প্রাপ্তবয়স্ক উপন্যাস, উত্তম ঘোষ , ইউনিক বুক্‌স ,"1st Published, 2007",400,বাংলাদেশ,বাংলা, অনুবাদ গল্প ,3.0,1,,300,258,,
https://www.rokomari.com//book/38110/mark-toyen-golposomogro-okhondo,মার্ক টোয়েন গল্পসমগ্র (অখণ্ড), অধ্যাপক নজরুল ইসলাম , সাহিত্যমালা ,9847980071,"8th Published, 2016",472,বাংলাদেশ, অনুবাদ গল্প ,4.43,7,1,400,344, ,https://ds.rokomari.store/rokomari110/ProductNew20190903/260X372/imgrok0720_38110.GIF
https://www.rokomari.com//book/38097/pacti-praptoboyosko-upakhan,পাঁচটি প্রাপ্তবয়স্ক উপাখ্যান, পৃথ্বীরাজ সেন , ইউনিক বুক্‌স ,"1st Published, 2011",424,বাংলাদেশ,বাংলা, অনুবাদ উপন্যাস ,2.5,2,,300,258,'পাঁচটি প্রাপ্তবয়স্ক উপাখ্যান' বইয়ের পাঁচটি উপন্যাসের নামঃ,
https://www.rokomari.com//book/37472/sharlok-homes-roconabsomogro-okhondo,শার্লক হোমস রচনাসমগ্র (অখণ্ড), অধ্যাপক নজরুল ইসলাম , নচিকেতা ঘোষ , , ,9847033901017,"1st Published, 2012", উপন্যাস সমগ্র ,4.11,35,17,600,516,সূচিপত্র,https://ds.rokomari.store/rokomari110/ProductNew20190903/260X372/imgrok0529_37472.GIF
https://www.rokomari.com//book/45178/manush-sristir-uddeshyo,মানুষ সৃষ্টির উদ্দেশ্য , অধ্যাপক মাযহারুল ইসলাম , বাংলাদেশ ইসলামিক সেন্টার ,"5th, 2014 ",32,বাংলাদেশ,বাংলা, ইসলামি দর্শন ,5.0,2,1,30,26, ,https://ds.rokomari.store/rokomari110/ProductNew20190903/260X372/img_45178.GIF
https://www.rokomari.com//book/163578/tarique-rahman-opekkhay-bangladesh,তারেক রহমানঃ অপেক্ষায় বাংলাদেশ, আবদুল হাই শিকদার , জিয়াউর রহমান ফাউন্ডেশন ,9847601410,"1st Published, 2010",440,বাংলাদেশ, রাজনৈতিক ব্যক্তিত্ব ,4.0,3,,800,688,,
https://www.rokomari.com//book/44685/shoheho-al-bhukhari-1st-khondo,সহীহ আল বুখারী ১ম খণ্ড, ইমাম মুহাম্মদ ইবনে ইসমাইল বোখারী (র) , মাওলানা হেলাল উদ্দিন , , ,"20th Published, 2016",608, হাদিস ও সুন্নাত ,5.0,1,1,550,492, ,
https://www.rokomari.com//book/85010/kasasul-ambia-sokol-khondo-akotre,কাছাসুল আম্বিয়া (সকল খন্ড একত্রে), মাওলানা তাহের সূরাটি , অধ্যাপক মাওলানা সিরাজউদ্দীন , ,"1st Published, 2009",623,বাংলাদেশ," নবি-রাসুল, সাহাবা, তাবেই ও অলি-আওলিয়া ",3.4,5,2,400,280, ,https://ds.rokomari.store/rokomari110/ProductNew20190903/260X372/705ee0956_85010.jpg
https://www.rokomari.com//book/45645/porda-progotir-sopan,পর্দা প্রগতির সোপান , অধ্যাপক মাযহারুল ইসলাম , আধুনিক প্রকাশনী ,"2nd Published, 2005",24,বাংলাদেশ,বাংলা, পর্দা বিধান ,5.0,1,4,12,11,"""পর্দা প্রগতির সোপান"" বইটি সম্পর্কে কিছু কথাঃ",https://ds.rokomari.store/rokomari110/ProductNew20190903/260X372/ba9117192_45645.jpg
https://www.rokomari.com//book/45543/sontaner-choritro-gothone-poribar-o-poribesh,সন্তানের চরিত্র গঠনে পরিবার ও পরিবেশ , অধ্যাপক মাযহারুল ইসলাম , আধুনিক প্রকাশনী ,"5th Published, 2006",40,বাংলাদেশ,বাংলা, পারিবারিক জীবনবিধান ,5.0,4,3,30,27, ,https://ds.rokomari.store/rokomari110/ProductNew20190903/260X372/059a974259b4_45543.jpg
https://www.rokomari.com//book/46827/bishonobi-hazrat-muhammod-sm-er-jiboni-sada,বিশ্বনবী হযরত মুহাম্মদ (সঃ)-এর জীবনী (সাদা), অধ্যাপক মাওলানা মুনছুর আহমেদ , অধ্যাপক মাওলানা মুনছুর আহমেদ , ,9789848848135,"1st Published, 2010",280, সীরাতে রাসুল ﷺ ,5.0,5,5,460,294,বইটির সূচিপত্রের কিছু অংশ:,https://ds.rokomari.store/rokomari110/ProductNew20190903/260X372/rokimg_20151213_46827.gif
https://www.rokomari.com//book/10697/apnar-chok,আপনার চোখ, অধ্যাপক সৈয়দ মোদাচ্ছের আলী , ন্যাশনাল পাবলিকেশন ,9847112054,"1st published, 2012",124,বাংলাদেশ, স্বাস্থ্যবিধি ও পরামর্শ ,5.0,2,2,200,172,সূচিপত্র,https://ds.rokomari.store/rokomari110/ProductNew20190903/260X372/6eff205c6_10697.jpg
https://www.rokomari.com//book/215651/hindu-law,হিন্দু আইন, নির্মলেন্দু ধর , অনন্ত কৃষ্ণ রায় , ,"New Edition, 2023",বাংলাদেশ,বাংলা, হিন্দু ল ,5.0,1,1,600,378,,
https://www.rokomari.com//book/159411/polander-rupkotha,পোল্যান্ডের রূপকথা , অনন্ত উজ্জ্বল , স্বদেশ শৈলী ,9789849354604,"1st Published, 2018",128,বাংলাদেশ," বয়স যখন ৮-১২: রূপকথা, উপকথা ও লোককাহিনী ",3.0,2,1,250,215,,https://ds.rokomari.store/rokomari110/ProductNew20190903/260X372/a74106673_159411.jpg
https://www.rokomari.com//book/197579/janalar-jonakira,জানালার জোনাকিরা, আসাদুজ্জামান আসাদ , ভাষাচিত্র ,9789849410805,"1st Published, 2020",336,বাংলাদেশ, রচনা সংকলন ও সমগ্র ,4.43,7,2,600,537,"মানুষের ক্ষমতা অসীম। মানুষ চাইলে জয় করতে পারে অনেক অসম্ভব। একেকজন মানুষ একেক রকমের প্রতিভা নিয়ে পৃথিবীতে আসে। কেউ কেউ প্রকাশ করতে পারে এবং সফল হতে পারে আবার কেউ কেউ চুপি চুপি দেখে চলে যায় “পাছে লােকে কিছু বলে” সে ভয়ে। জানালা কাজ করে যাচ্ছে সেইসব চুপচাপ মানুষকে সামনে আনতে, তাদের ভেতরে বিশ্বাস জাগাতে, তুমিও পারাে। হােক সেটা কবিতায় কিংবা গল্পে, আঁকায় কিংবা গানে। ফেসবুক গ্রুপ জানালা চতুর্থ বছরে পদার্পণ করেছে। জানালার এই প্রয়াসে একজন একজন করে যােগ হয়েছে চল্লিশ হাজারেরও বেশি মানুষ যারা প্রত্যেকেই প্রায় সমমনা। সেসব সমমনা মানুষের পদচারণায় মুখর জানালা করে যাচ্ছে একের পর এক সফল কাজ। সাহিত্যের সাথে সম্পৃক্তা, দুস্থ শিশুদের পাশে দাঁড়ানাে, মানুষের মনােজগতের পরিবর্তন সাধন কিংবা সুস্থ সমাজ গঠনের প্রচেষ্টার মতাে বহু কাজ করে যাচ্ছে কখনও সরবে আবার কখনও নীরবে। আর এসব কাজের পেছনে যুক্ত আছেন কয়েকজন নিবেদিত প্রাণ মানুষ (এডমিন) যারা নামের জন্য নয় বরং আত্মতৃপ্তির জন্যই কাজ করে যাচ্ছেন।",https://ds.rokomari.store/rokomari110/ProductNew20190903/260X372/20dee8911_197579.jpg
https://www.rokomari.com//book/230540/janalar-megh-pionera,জানালার মেঘপিয়নেরা, শিপু চৌধুরী , ভাষাচিত্র ,9789849410553,"1st Published, 2022",192,বাংলাদেশ, সমকালীন গল্প ,5.0,1,1,400,358,"জানালা একটি সাহিত্য গ্রুপ। এই গ্রুপের সম্পাদনায় বিগত বছরগুলোতে চারটি সংকলন প্রকাশিত হয়। সমসাময়িক লেখক ও কবিদের নিয়ে বই চারটি বেশ সাড়া ফেলে। আমরা আরও উৎসাহী হই জানালা নিয়ে। করোনার প্রকোপের কারণে আমরা গতবছর বই প্রকাশনায় না গেলেও থেমে থাকেনি আমাদের অনলাইন কার্যক্রম। অবশেষে, লেখকদের উৎসাহ এবং পাঠকদের ভালোবাসার কারণে আমরা আবার ফিরে এসেছি এবারের বইমেলায় পঞ্চম সংকলন নিয়ে।",
https://www.rokomari.com//book/181341/deshi-bideshi-200-rannar-recipe,দেশি-বিদেশি ২০০ রান্নার রেসিপি, ইজতেমা মাসুদ প্রেরণা , পূর্বা প্রকাশনী ,9789849411949,"1st Published, 2019",88,বাংলাদেশ, ফ্যাশন ও রূপচর্চা ,5.0,1,,300,258,,https://ds.rokomari.store/rokomari110/ProductNew20190903/260X372/1537742db_181341.jpg
https://www.rokomari.com//book/204076/pronoye-atpowre-osukh,প্রণয়ের আটপৌরে অসুখ, অনন্যা জান্নাত , সালফি পাবলিকেশন্স ,9789849479895,"1st Published, 2020",64,বাংলাদেশ, বাংলা কবিতা ,5.0,4,4,150,129,,https://ds.rokomari.store/rokomari110/ProductNew20190903/260X372/4432ad3af_204076.jpg
https://www.rokomari.com//book/207769/nakfule-adim-ghran,নাকফুলে আদিম ঘ্রাণ, অনন্যা জান্নাত , অক্ষরবৃত্ত ,9789844340596,"1st Published, 2022",80,বাংলাদেশ, বাংলা কবিতা ,4.5,2,3,200,157,"কবিতার অন্তরে যে আহত ও ক্ষতবিক্ষত যন্ত্রণার দীর্ঘশ্বাস নিবিড় আবেগে পুঞ্জীভূত ঘনঘোর সৃষ্টি করে, তার উপশমে শব্দবন্ধ কিংবা অক্ষরের বৃত্ত কি কোনো কাজে লাগে? নাকি একাকী বেদনায় সিক্ত একটি হৃদয় অপ্রাপ্তির ভারে কেবলই অতলে নিমজ্জিত হতে থাকে, যা কখনো তাকে অভিভূত নিশ্বাসের জগতে ফিরিয়ে নিতে পারে না? অনন্যা জান্নাত তার কবিতার অতলগহনে অনুরাগী যে আর্তনাদ তুলে ধরেন, তাতে কখনো কখনো আত্মা বিদীর্ণ হয়, কখনো অনিবার্য নিয়তির কাছে পরাজয় মেনেও তিনি বিশ্বাসের স্থবির জগতটাকে জাগিয়ে তোলার চেষ্টা করেন। তাই অনন্যার কবিতা কখনো আবেগের অশ্রুতে সিক্ত, কখনো হাহাকারের আকুলতায় সমর্পিত। একজন প্রেমিকার জীবনের অপ্রাপ্তির দুর্বহ ভার তাকে যে কতটা ছিন্নভিন্ন করে দিতে পারে, অনন্যার কবিতার পরতে পরতে তার সাক্ষ্য সহজ-সাবলীলতায় দৃষ্টি ও মনের অগোচর থাকে না। অনন্যার কাব্যভাষ্য এবং তার নির্মাণকলায় আমরা যাকে দেখতে পাই, সে প্রেমপূজারি একজন দয়িতা, অপ্রাপ্তির অনিশ্চয়তার মধ্যেও যার আকাক্সক্ষার কখনো মৃত্যু হয় না। অনন্যার কাব্যগ্রন্থ ‘নাকফুলে আদিম ঘ্রাণ’ এর প্রতিটি কবিতার পঙক্তিতে পঙক্তিতে সেই নিষ্কলুষ প্রেমের আকুল আকুতি ব্যক্ত হয়েছে। কাব্যগ্রন্থের প্রতিটি কবিতা পাঠ করতে করতে পাঠককে মিশে যেতে হবে তার অন্তর্গূঢ় আবেদনের মহিমার সঙ্গে। আর এখানেই অনন্যা জান্নাতের কবিতার সার্থকতা।",
https://www.rokomari.com//book/136382/upokabbo-raktojol-sub-epic-to-bloody-water,উপকাব্য রক্তজল (সাব এপিক টু ব্লাডি ওয়াটার), কাঙাল শাহীন , অনন্য সাঈদ , ,9789849255659,"1st Published, 2016",46, বাংলা কবিতা ,5.0,2,1,100,86,,https://ds.rokomari.store/rokomari110/ProductNew20190903/260X372/c8708d72f174_136382.jpg
https://www.rokomari.com//book/76808/kobitar-jagor-vognangshogulo,কবিতার জাগর ভগ্নাংশগুলো, অনিকেত সুকান্ত , প্রচলন প্রকাশন ,97898490063190,"1st Published, 2014",48,বাংলাদেশ, বাংলা কবিতা ,5.0,1,,80,66, ,
https://www.rokomari.com//book/130916/bristi-hocche-kothao,বৃষ্টি হচ্ছে কোথাও , অনিকেত রাজেশ , দেশ পাবলিকেশনস ,9789849228209,"1st Published , 2017",64,বাংলাদেশ, বাংলা কবিতা ,5.0,1,,150,129,,https://ds.rokomari.store/rokomari110/ProductNew20190903/260X372/18e2d1d34c34_130916.jpg
https://www.rokomari.com//book/122187/the-kind-ghost-of-mr-steve,The Kind Ghost of Mr. Steve, Aniket Biswas , Murdhonno ,9789845042369,"1st Published, 2016",47,Bangladesh, Story: Children and Teens ,5.0,4,,100,90,,https://ds.rokomari.store/rokomari110/ProductNew20190903/260X372/81d20795e944_122187.jpg
https://www.rokomari.com//book/94142/baundule-kobi-aar-tar-khata-1st-paper,বাউণ্ডুলে কবি আর তার খাতা (প্রথম খণ্ড), আসিফ শুভ্র , শিল্পৈষী ,9789849077039,"1st, 2015",186,বাংলাদেশ, বাংলা কবিতা ,5.0,1,,320,251, ,https://ds.rokomari.store/rokomari110/ProductNew20190903/260X372/rokimg_20150207_94142.gif
https://www.rokomari.com//book/181292/alor-ovimukhe,আলোর অভিমুখে, অনিমেষ বিশ্বাস , কুঁড়েঘর প্রকাশনী লিমিটেড ,9789849209560,"1st Published, 2019",80,বাংলাদেশ, বাংলা কবিতা ,5.0,1,,200,172,,https://ds.rokomari.store/rokomari110/ProductNew20190903/260X372/9aa7b55ee_181292.jpg
https://www.rokomari.com//book/95965/opekkha,অপেক্ষা, অনিমেষ বিশ্বাস , পারিজাত প্রকাশনী ,9789845072199,"1st, 2015",80,বাংলাদেশ, সমকালীন গল্প ,4.33,3,,125,110, ,https://ds.rokomari.store/rokomari110/ProductNew20190903/260X372/rokimg_20150217_95965.gif
https://www.rokomari.com//book/208235/kabya-nobo-nobo,কাব্য নব নব , অনিমেষ বনিক , আবিষ্কার পাবলিকেশন ,9789843489433,"1st Published, 2021",64,বাংলাদেশ, বাংলা কবিতা ,5.0,1,,200,179,,https://ds.rokomari.store/rokomari110/ProductNew20190903/260X372/ade174a6f_208235.jpg
https://www.rokomari.com//book/199376/bangladesher-muktijuddhe-tripura-ajana-totho-o-ghotona,বাংলাদেশের মুক্তিযুদ্ধে ত্রিপুরা: অজানা তথ্য ও ঘটনা, অনিল ভট্টাচার্য , সাহিত্য প্রকাশ ,9847012403068,"২য় মুদ্রণ, ডিসেম্বর ২০২২",323,বাংলাদেশ, প্রসঙ্গ: মুক্তিযুদ্ধ ,5.0,1,,850,731," ""বাংলাদেশের মুক্তিযুদ্ধে ত্রিপুরা: অজানা তথ্য ও ঘটনা"" বইটির শেষের ফ্ল্যাপ-এর লেখাঃ ",https://ds.rokomari.store/rokomari110/ProductNew20190903/260X372/f84b49839_199376.jpg
https://www.rokomari.com//book/28826/muktijuddo-fera-dhekha,মুক্তিযুদ্ধ ফিরে দেখা, অনু ইসলাম , ঐতিহ্য ,9789847760384,"1st Published, 2012",247,বাংলাদেশ, ইতিহাস ও ঐতিহ্য: গবেষণা ও প্রবন্ধ ,5.0,1,,375,321,,https://ds.rokomari.store/rokomari110/ProductNew20190903/260X372/535001e7d_28826.jpg
https://www.rokomari.com//book/28862/joybangla,জয়বাংলা, অনু ইসলাম , ঐতিহ্য ,9847765081,"2nd Printed, 2015",200,বাংলাদেশ, মুক্তিযুদ্ধের ইতিহাস: সামরিক ও বেসামরিক বাহিনী ,4.2,5,2,0,0,"জয়বাংলা, সাপ্তাহিক ১৯৭১ সালে মুক্তিযুদ্ধের সময় মুজিবনগর থেকে প্রকাশিত বাংলাদেশ আওয়ামী লীগের বাংলা সাপ্তাহিক মুখপত্র। পত্রিকাটি মূলত ছিল মুজিবনগরে প্রবাসী বাংলাদেশ সরকারের একটি প্রচার মাধ্যম। এর লক্ষ্য ছিল একদিকে মুক্তিযুদ্ধের অগ্রগতি ও মুক্তিযোদ্ধাদের কৃতিত্ব জনসমক্ষে তুলে ধরা এবং অন্যদিকে বাংলাদেশের মুক্তিযুদ্ধের সপক্ষে বিশ্বজনমত সৃষ্টি ও আন্তর্জাতিক সমর্থন লাভ।",
https://www.rokomari.com//book/97325/sweden-bhromon,সুইডেন ভ্রমণ, অনু ইসলাম , ধ্রুবপদ ,9789849136781,"1st, 2015",90,বাংলাদেশ, নানাদেশ ও ভ্রমণ ,5.0,2,,196,169, ,
https://www.rokomari.com//book/114437/ghoon,ঘুণ, অ্যালিস মানরো , অনুপমা মাহফুজ , ,9789849211563,"1st Published, 2016",46, অনুবাদ গল্প ,5.0,1,,75,56,,https://ds.rokomari.store/rokomari110/ProductNew20190903/260X372/0ce32b5512e4_114437.gif
https://www.rokomari.com//book/211687/noishobder-gohine,নৈঃশব্দের গহীনে, অন্তরা খান , সাহিত্যকাল ,978949004720,"1st Published, 2021",বাংলাদেশ,বাংলা, বাংলা কবিতা ,4.0,1,1,150,129,ভূমিকা,https://ds.rokomari.store/rokomari110/ProductNew20190903/260X372/1cb2476c1_211687.jpg
https://www.rokomari.com//book/212835/belashese,বেলাশেষে, অপু হাসান , বাংলার প্রকাশন ,9789849563235,"1st Published, 2021",48,বাংলাদেশ, সমকালীন গল্প ,4.4,5,5,150,129,,
https://www.rokomari.com//book/4694/amar-khob-amar-ohanker,আমার ক্ষোভ আমার অহংকার, অবনি অনার্য , অবনি অনার্য , ,9847020900061,"3rd Published, 2015",117, রাজনীতির অনুবাদ বই ,5.0,3,1,180,155, ,https://ds.rokomari.store/rokomari110/ProductNew20190903/260X372/imgrok0610_4694.gif
https://www.rokomari.com//book/97168/prapti,প্রাপ্তি, অপিতা সুলতানা , সাহস পাবলিকেশন্স ,9847026601252,"1st Published, 2015",63,বাংলাদেশ, সমকালীন উপন্যাস ,5.0,1,,135,116, ,https://ds.rokomari.store/rokomari110/ProductNew20190903/260X372/6f1d3ee7c444_97168.gif
https://www.rokomari.com//book/4626/jage-uthche-iran-award-winning-authors-books,জেগে উঠছে ইরান, শিরিন এবাদি , অবনি অনার্য , ,9847020900108,"3rd Published, 2016",197, পেশাগত স্মৃতিচারণ ও অভিজ্ঞতা ,4.43,7,2,321,276, ,https://ds.rokomari.store/rokomari110/ProductNew20190903/260X372/728300771_4626.jpg
https://www.rokomari.com//book/41322/veshoj-udvid-o-lokoj-bybohar-1,ভেষজ উদ্ভিদ ও লোকজ ব্যবহার-১, অবনী ভূষণ ঠাকুর , অবসর প্রকাশনা সংস্থা ,9789848797860,"3rd printed, 2016",296,বাংলাদেশ, ভেষজ ও আয়ুর্বেদিক ,5.0,1,1,450,393,"""ভেষজ উদ্ভিদ ও লোকজ ব্যবহার-১"" বইয়ের সংক্ষিপ্ত কথা:",https://ds.rokomari.store/rokomari110/ProductNew20190903/260X372/283bdcbb9_41322.jpg
https://www.rokomari.com//book/41323/veshoj-udvid-o-lokoj-bybohar-2,ভেষজ উদ্ভিদ ও লোকজ ব্যবহার-২, অবনী ভূষণ ঠাকুর , অবসর প্রকাশনা সংস্থা ,9844152208,"2nd Printed, 2014",332,বাংলাদেশ, ভেষজ ও আয়ুর্বেদিক ,5.0,1,1,550,481,"""ভেষজ উদ্ভিদ ও লোকজ ব্যবহার-২"" বইয়ের সংক্ষিপ্ত কথা:",https://ds.rokomari.store/rokomari110/ProductNew20190903/260X372/c496d7db7_41323.jpg
https://www.rokomari.com//book/74316/bilet-deshta-matir,বিলেত দেশটা মাটির, জ্যোতির্মালা দেবী , অভিজিৎ সেন , ,8176125881,"1st Published, 2001",134, রহস্য ও গোয়েন্দা ,5.0,3,,0,110,,https://ds.rokomari.store/rokomari110/ProductNew20190903/260X372/5f781b6d0_74316.jpg
https://www.rokomari.com//book/147893/je-varotiyora-english-likhchen,যে ভারতীয়রা ইংরিজিতে লিখছেন, অভিজিৎ মুখার্জি , বুকস ওয়ে (ভারত) ,9789388325400,"1st Edition, 2019",137,ভারত, পশ্চিমবঙ্গের বই: প্রবন্ধ ,5.0,3,,0,270,,https://ds.rokomari.store/rokomari110/ProductNew20190903/260X372/Je_Varotiyora_English_Likhchen-Ovijit_Mukharji-3b14d-147893.jpg
https://www.rokomari.com//book/138809/ogronthito-advaita-mallaburman,অগ্রন্থিত অদ্বৈত মল্লবর্মণ, অদ্বৈত মল্লবর্মণ , অভিজিৎ ভট্টাচার্য , ,9788129524416,"1st Published, 2016",160, রচনা সংকলন ও সমগ্র ,5.0,2,,0,270,অদ্বৈত রচনাসমগ্র-তে না থাকা,https://ds.rokomari.store/rokomari110/ProductNew20190903/260X372/Ogronthito_Advaita_Mallaburman-Advaita_Mallaburman-499e0-138809.jpg
https://www.rokomari.com//book/90932/poor-economics-rethinking-poverty,Poor Economics: Rethinking Poverty , Abhijit V. Banerjee , Random House ,9788184002805,"10th Printed, 2015",464,Abroad , English & Translated Books on Business & Economy ,3.33,6,4,0,898,"Imagine you have a few billion dollars and want to spend it on the poor. How do you go about it? Billions of government dollars, and thousands of charitable organizations and NGOs, are dedicated to helping the worlds poor. But much of their work is based on assumptions about the poor and the world that are untested generalizations at best, harmful misperceptions at worst. ",https://ds.rokomari.store/rokomari110/ProductNew20190903/260X372/rokimg20141031_90932.gif
https://www.rokomari.com//book/210308/good-economics-for-hard-times,গুড ইকোনোমিকস ফর হার্ড টাইমস, ইস্থার ডুফ্লো , হাসান বায়েজীদ , ,9789849540304,"1st Published, 2021",416, ব্যবসা ও অর্থনীতি বিষয়ক অনুবাদ ও ইংরেজি বই ,4.0,1,,500,430, বিশ্ব বাণিজ্যের জন্য নিজেকে উন্মুক্ত করা কি সবার জন্য ভালো? দরিদ্রতর দেশের অভিবাসীরা কি নিম্ন-আয়জীবী স্থানীয় কর্মীদের চাকরিগুলো ছিনিয়ে নিচ্ছে? সর্বত্র অসমতা কেন বিস্ফোরিত হচ্ছে? পুনর্বণ্টন কী প্রণোদনার তলায় ছিদ্র তৈরি করছে? কৃত্রিম বুদ্ধিমত্তার উদ্ভাবনী নিয়ে আমাদের কী দুশ্চিন্তা নাকি উদযাপন করা উচিত? প্রবৃদ্ধি ও জলবায়ু পরিবর্তনের মতো পরস্পরবিরোধী ধারনার মধ্যে ভারসাম্য স্থাপনের পন্থা কী? পশ্চিমে অর্থনৈতিক প্রবৃদ্ধির দিন কি ফুরিয়েছে? আমাদের কী গা লাগানো উচিত?,https://ds.rokomari.store/rokomari110/ProductNew20190903/260X372/84b73f83e_210308.jpg
https://www.rokomari.com//book/190914/good-economics-for-hard-times-better-answers-to-our-biggest-problems,Good Economics for Hard Times : Better Answers to Our Biggest Problems, Abhijit V. Banerjee , Juggernaut ,9789353450700,"1st Edition, 2019",416,India," Foreign Language Books: Business, Investment and Economics ",4.0,4,4,0,0,,
https://www.rokomari.com//book/140551/shornokumari-devir-rochona-songkolon,স্বর্ণকুমারী দেবীর রচনা-সংকলন, স্বর্ণকুমারী দেবী , অভিজিৎ সেন , ,8176126942,"1st Published, 2000",544, পশ্চিমবঙ্গের বই: রচনাসমগ্র/সংকলন ,5.0,1,,0,396,,https://ds.rokomari.store/rokomari110/ProductNew20190903/260X372/af1dd9aad_140551.jpg
https://www.rokomari.com//book/185445/rahu-chandaler-har,রহু চণ্ডালের হাড় (১৯৯২ -এর বঙ্কিম পুরস্কারপ্রাপ্ত), অভিজিৎ সেন , কবি প্রকাশনী ,9789849410201,"1st Published, 2019",বাংলাদেশ,বাংলা, চিরায়ত উপন্যাস ,4.75,4,1,400,344,"""রহু চণ্ডালের হাড়"" বইটির সম্পর্কে কিছু কথা:",https://ds.rokomari.store/rokomari110/ProductNew20190903/260X372/31528c176_185445.jpg
https://www.rokomari.com//book/171225/rohu-chondaler-har,রহু চণ্ডালের হাড়, অভিজিৎ সেন , জে এন চ্যাটার্জী এন্ড কো. (ভারত) ,9789380411125,"4th Edition, 2016",272,ভারত, পশ্চিমবঙ্গের বই: উপন্যাস ,5.0,2,,0,540,"""রহু চণ্ডালের হাড়"" বইয়ের ফ্ল্যাপের লেখা:",https://ds.rokomari.store/rokomari110/ProductNew20190903/260X372/df3f7ffd2_171225.gif
